{
	"AssetsA" : 
	{
		"WorldMatrix" : 
		{
			"v0" : -0.99998635053634644,
			"v1" : 0.0,
			"v10" : -0.99998635053634644,
			"v11" : 0.0,
			"v12" : -9.9581422805786133,
			"v13" : 0.0,
			"v14" : 0.0,
			"v15" : 1.0,
			"v2" : 0.0051420275121927261,
			"v3" : 0.0,
			"v4" : 0.0,
			"v5" : 1.0,
			"v6" : 0.0,
			"v7" : 0.0,
			"v8" : -0.0051420275121927261,
			"v9" : 0.0
		}
	},
	"DecorationsB" : 
	{
		"WorldMatrix" : 
		{
			"v0" : 1.0,
			"v1" : 0.0,
			"v10" : 1.0,
			"v11" : 0.0,
			"v12" : -13.756830215454102,
			"v13" : 11.831209182739258,
			"v14" : -10.005409240722656,
			"v15" : 1.0,
			"v2" : 0.0,
			"v3" : 0.0,
			"v4" : 0.0,
			"v5" : 1.0,
			"v6" : 0.0,
			"v7" : 0.0,
			"v8" : 0.0,
			"v9" : 0.0
		}
	},
	"PlatformC" : 
	{
		"WorldMatrix" : 
		{
			"v0" : 1.0,
			"v1" : 0.0,
			"v10" : 1.0,
			"v11" : 0.0,
			"v12" : 0.0,
			"v13" : 0.0,
			"v14" : 0.0,
			"v15" : 1.0,
			"v2" : 0.0,
			"v3" : 0.0,
			"v4" : 0.0,
			"v5" : 1.0,
			"v6" : 0.0,
			"v7" : 0.0,
			"v8" : 0.0,
			"v9" : 0.0
		}
	},
	"PlatformD" : 
	{
		"WorldMatrix" : 
		{
			"v0" : 1.0,
			"v1" : 0.0,
			"v10" : 1.0,
			"v11" : 0.0,
			"v12" : 1.1800451278686523,
			"v13" : 6.827174186706543,
			"v14" : 37.38995361328125,
			"v15" : 1.0,
			"v2" : 0.0,
			"v3" : 0.0,
			"v4" : 0.0,
			"v5" : 1.0,
			"v6" : 0.0,
			"v7" : 0.0,
			"v8" : 0.0,
			"v9" : 0.0
		}
	}
}