{
	"AllRoomAa": {
		"WorldMatrix": {
			"v0": 1.0,
			"v1": 0.0,
			"v10": 1.0,
			"v11": 0.0,
			"v12": 209.84458923339844,
			"v13": -212.27482604980469,
			"v14": 4.0,
			"v15": 1.0,
			"v2": 0.0,
			"v3": 0.0,
			"v4": 0.0,
			"v5": 1.0,
			"v6": 0.0,
			"v7": 0.0,
			"v8": 0.0,
			"v9": 0.0
		}
	},
	"AllRoomAb": {
		"WorldMatrix": {
			"v0": 1.0,
			"v1": 0.0,
			"v10": 1.0,
			"v11": 0.0,
			"v12": -151.26286315917969,
			"v13": -189.05923461914062,
			"v14": 4.0,
			"v15": 1.0,
			"v2": 0.0,
			"v3": 0.0,
			"v4": 0.0,
			"v5": 1.0,
			"v6": 0.0,
			"v7": 0.0,
			"v8": 0.0,
			"v9": 0.0
		}
	},
	"AllRoomB": {
		"WorldMatrix": {
			"v0": -0.99317586421966553,
			"v1": 0.0,
			"v10": -0.99317586421966553,
			"v11": 0.0,
			"v12": 323.70785522460938,
			"v13": 66.530006408691406,
			"v14": 377.65447998046875,
			"v15": 1.0,
			"v2": -0.11662938445806503,
			"v3": 0.0,
			"v4": 0.0,
			"v5": 1.0,
			"v6": 0.0,
			"v7": 0.0,
			"v8": 0.11662938445806503,
			"v9": 0.0
		}
	},
	"AllRoomCa": {
		"WorldMatrix": {
			"v0": 1.0,
			"v1": 0.0,
			"v10": 1.0,
			"v11": 0.0,
			"v12": -319.52670288085938,
			"v13": 10.0,
			"v14": 4.0,
			"v15": 1.0,
			"v2": 0.0,
			"v3": 0.0,
			"v4": 0.0,
			"v5": 1.0,
			"v6": 0.0,
			"v7": 0.0,
			"v8": 0.0,
			"v9": 0.0
		}
	},
	"AssetsB": {
		"WorldMatrix": {
			"v0": 1.0,
			"v1": 0.0,
			"v10": 1.0,
			"v11": 0.0,
			"v12": 37.915851593017578,
			"v13": 10.039931297302246,
			"v14": -9.2807884216308594,
			"v15": 1.0,
			"v2": 0.0,
			"v3": 0.0,
			"v4": 0.0,
			"v5": 1.0,
			"v6": 0.0,
			"v7": 0.0,
			"v8": 0.0,
			"v9": 0.0
		}
	},
	"EntranceA": {
		"WorldMatrix": {
			"v0": 1.0,
			"v1": 0.0,
			"v10": 1.0,
			"v11": 0.0,
			"v12": 33.010097503662109,
			"v13": 28.78485107421875,
			"v14": -97.517196655273438,
			"v15": 1.0,
			"v2": 0.0,
			"v3": 0.0,
			"v4": 0.0,
			"v5": 1.0,
			"v6": 0.0,
			"v7": 0.0,
			"v8": 0.0,
			"v9": 0.0
		}
	},
	"PlatformC": {
		"WorldMatrix": {
			"v0": 1.0,
			"v1": 0.0,
			"v10": 1.0,
			"v11": 0.0,
			"v12": 47.637168884277344,
			"v13": 10.0,
			"v14": 4.0,
			"v15": 1.0,
			"v2": 0.0,
			"v3": 0.0,
			"v4": 0.0,
			"v5": 1.0,
			"v6": 0.0,
			"v7": 0.0,
			"v8": 0.0,
			"v9": 0.0
		}
	},
	"PlatformE": {
		"WorldMatrix": {
			"v0": 1.0,
			"v1": 0.0,
			"v10": 1.0,
			"v11": 0.0,
			"v12": 0.0,
			"v13": 33.756011962890625,
			"v14": 92.949989318847656,
			"v15": 1.0,
			"v2": 0.0,
			"v3": 0.0,
			"v4": 0.0,
			"v5": 1.0,
			"v6": 0.0,
			"v7": 0.0,
			"v8": 0.0,
			"v9": 0.0
		}
	},
	"PlatformG": {
		"WorldMatrix": {
			"v0": 1.0,
			"v1": 0.0,
			"v10": 1.0,
			"v11": 0.0,
			"v12": 46.574256896972656,
			"v13": 13.372057914733887,
			"v14": -18.280155181884766,
			"v15": 1.0,
			"v2": 0.0,
			"v3": 0.0,
			"v4": 0.0,
			"v5": 1.0,
			"v6": 0.0,
			"v7": 0.0,
			"v8": 0.0,
			"v9": 0.0
		}
	},
	"TowerA": {
		"WorldMatrix": {
			"v0": 1.0,
			"v1": 0.0,
			"v10": 1.0,
			"v11": 0.0,
			"v12": 35.689617156982422,
			"v13": 10.0,
			"v14": -1.9791731834411621,
			"v15": 1.0,
			"v2": 0.0,
			"v3": 0.0,
			"v4": 0.0,
			"v5": 1.0,
			"v6": 0.0,
			"v7": 0.0,
			"v8": 0.0,
			"v9": 0.0
		}
	},
	"TowerAa": {
		"WorldMatrix": {
			"v0": 1.0,
			"v1": 0.0,
			"v10": 1.0,
			"v11": 0.0,
			"v12": 40.120071411132812,
			"v13": 10.0,
			"v14": -1.9045388698577881,
			"v15": 1.0,
			"v2": 0.0,
			"v3": 0.0,
			"v4": 0.0,
			"v5": 1.0,
			"v6": 0.0,
			"v7": 0.0,
			"v8": 0.0,
			"v9": 0.0
		}
	},
	"WhackMoleA": {
		"WorldMatrix": {
			"v0": 1.0,
			"v1": 0.0,
			"v10": 1.0,
			"v11": 0.0,
			"v12": 0.0,
			"v13": 10.0,
			"v14": 4.0,
			"v15": 1.0,
			"v2": 0.0,
			"v3": 0.0,
			"v4": 0.0,
			"v5": 1.0,
			"v6": 0.0,
			"v7": 0.0,
			"v8": 0.0,
			"v9": 0.0
		}
	},
	"WhackMoleAa": {
		"WorldMatrix": {
			"v0": 1.0,
			"v1": 0.0,
			"v10": 1.0,
			"v11": 0.0,
			"v12": -16.54932975769043,
			"v13": 10.0,
			"v14": -5.8669705390930176,
			"v15": 1.0,
			"v2": 0.0,
			"v3": 0.0,
			"v4": 0.0,
			"v5": 1.0,
			"v6": 0.0,
			"v7": 0.0,
			"v8": 0.0,
			"v9": 0.0
		}
	}
}