{
	"AllRoomAa" : 
	{
		"WorldMatrix" : 
		{
			"v0" : 1.0,
			"v1" : 0.0,
			"v10" : 1.0,
			"v11" : 0.0,
			"v12" : 0.0,
			"v13" : 0.0,
			"v14" : 143.1724853515625,
			"v15" : 1.0,
			"v2" : 0.0,
			"v3" : 0.0,
			"v4" : 0.0,
			"v5" : 1.0,
			"v6" : 0.0,
			"v7" : 0.0,
			"v8" : 0.0,
			"v9" : 0.0
		}
	},
	"AllRoomCa" : 
	{
		"WorldMatrix" : 
		{
			"v0" : 1.0,
			"v1" : 0.0,
			"v10" : 1.0,
			"v11" : 0.0,
			"v12" : -271.04672241210938,
			"v13" : 135.37857055664062,
			"v14" : 0.0,
			"v15" : 1.0,
			"v2" : 0.0,
			"v3" : 0.0,
			"v4" : 0.0,
			"v5" : 1.0,
			"v6" : 0.0,
			"v7" : 0.0,
			"v8" : 0.0,
			"v9" : 0.0
		}
	},
	"AssetsA" : 
	{
		"WorldMatrix" : 
		{
			"v0" : 1.0,
			"v1" : 0.0,
			"v10" : 1.0,
			"v11" : 0.0,
			"v12" : -87.801467895507812,
			"v13" : 51.299053192138672,
			"v14" : -80.253837585449219,
			"v15" : 1.0,
			"v2" : 0.0,
			"v3" : 0.0,
			"v4" : 0.0,
			"v5" : 1.0,
			"v6" : 0.0,
			"v7" : 0.0,
			"v8" : 0.0,
			"v9" : 0.0
		}
	},
	"PlatformB" : 
	{
		"WorldMatrix" : 
		{
			"v0" : 1.0,
			"v1" : 0.0,
			"v10" : 1.0,
			"v11" : 0.0,
			"v12" : -99.667694091796875,
			"v13" : 60.819389343261719,
			"v14" : -39.289695739746094,
			"v15" : 1.0,
			"v2" : 0.0,
			"v3" : 0.0,
			"v4" : 0.0,
			"v5" : 1.0,
			"v6" : 0.0,
			"v7" : 0.0,
			"v8" : 0.0,
			"v9" : 0.0
		}
	},
	"PlatformG" : 
	{
		"WorldMatrix" : 
		{
			"v0" : 1.0,
			"v1" : 0.0,
			"v10" : 1.0,
			"v11" : 0.0,
			"v12" : 0.0,
			"v13" : 0.0,
			"v14" : 0.0,
			"v15" : 1.0,
			"v2" : 0.0,
			"v3" : 0.0,
			"v4" : 0.0,
			"v5" : 1.0,
			"v6" : 0.0,
			"v7" : 0.0,
			"v8" : 0.0,
			"v9" : 0.0
		}
	},
	"TowerAa" : 
	{
		"WorldMatrix" : 
		{
			"v0" : 1.0,
			"v1" : 0.0,
			"v10" : 1.0,
			"v11" : 0.0,
			"v12" : -3.6914916038513184,
			"v13" : 97.904281616210938,
			"v14" : -129.41952514648438,
			"v15" : 1.0,
			"v2" : 0.0,
			"v3" : 0.0,
			"v4" : 0.0,
			"v5" : 1.0,
			"v6" : 0.0,
			"v7" : 0.0,
			"v8" : 0.0,
			"v9" : 0.0
		}
	}
}