{
	"Elements": {
		"GroundWind2": {
			"Center": {
				"x": 0.0,
				"y": 0.10000000149011612,
				"z": 0.0
			},
			"ChangeTime": 0.5,
			"Color": {
				"w": 1.0,
				"x": 1.0,
				"y": 1.0,
				"z": 1.0
			},
			"Duration": {
				"x": 0.40000000596046448,
				"y": 0.69999998807907104
			},
			"EffectType": 2,
			"EndScale": {
				"x": 60.0,
				"y": 60.0,
				"z": 60.0
			},
			"LerpColor": {
				"w": 1.0,
				"x": 0.84803920984268188,
				"y": 1.0,
				"z": 0.91061127185821533
			},
			"Loop": {
				"EffectLoop": false,
				"UVLoop": false
			},
			"Mask": {
				"Speed": 3.0,
				"TexKey": "T_GPP_Flame_A",
				"Using": true,
				"x": 0.0,
				"y": 1.0
			},
			"MeshKey": "Effect_Wind1",
			"MiddleScale": {
				"x": 40.0,
				"y": 40.0,
				"z": 40.0
			},
			"Noise": {
				"Speed": 0.0,
				"TexKey": "flow_67",
				"Using": false,
				"x": 0.0,
				"y": 0.0
			},
			"Rotation": {
				"x": 0.0,
				"y": 0.0,
				"z": 0.0
			},
			"StartScale": {
				"x": 14.0,
				"y": 14.0,
				"z": 14.0
			}
		},
		"Blast": {
			"Center": {
				"x": 0.0,
				"y": 0.89999997615814209,
				"z": 0.80000001192092896
			},
			"ChangeTime": 0.0,
			"Color": {
				"w": 1.0,
				"x": 0.81372547149658203,
				"y": 1.0,
				"z": 0.98904263973236084
			},
			"Duration": {
				"x": 0.7999999523162842,
				"y": 1.2999999523162842
			},
			"EffectType": 2,
			"EndScale": {
				"x": 10.0,
				"y": 10.0,
				"z": 10.0
			},
			"LerpColor": {
				"w": 1.0,
				"x": 0.27450978755950928,
				"y": 1.0,
				"z": 0.91464811563491821
			},
			"Loop": {
				"EffectLoop": false,
				"UVLoop": false
			},
			"Mask": {
				"Speed": 2.0,
				"TexKey": "T_GPP_Flame_A",
				"Using": true,
				"x": 0.0,
				"y": -1.0
			},
			"MeshKey": "HemiSphere",
			"MiddleScale": {
				"x": 10.0,
				"y": 10.0,
				"z": 10.0
			},
			"Noise": {
				"Speed": 0.0,
				"TexKey": "T_flow_05",
				"Using": true,
				"x": 0.0,
				"y": 0.0
			},
			"Rotation": {
				"x": 0.0,
				"y": 90.0,
				"z": 0.0
			},
			"StartScale": {
				"x": 10.0,
				"y": 10.0,
				"z": 10.0
			}
		},
		"BlastParticle": {
			"Center": {
				"x": 0.0,
				"y": 0.89999997615814209,
				"z": 0.80000001192092896
			},
			"Color": {
				"x": 0.11274510622024536,
				"y": 1.0,
				"z": 0.94780826568603516
			},
			"DirectMax": {
				"x": 0.80000001192092896,
				"y": 0.75,
				"z": 1.0
			},
			"DirectMin": {
				"x": -0.80000001192092896,
				"y": -0.75,
				"z": 0.0
			},
			"Duration": {
				"x": 0.7999999523162842,
				"y": 1.3999999761581421
			},
			"EffectType": 0,
			"InstanceNum": 100,
			"LifeTime": {
				"x": 0.0,
				"y": 3.0
			},
			"Size": {
				"x": 0.059999998658895493,
				"y": 0.10000000596046448
			},
			"Speed": {
				"x": 20.0,
				"y": 30.0
			},
			"StartPointMax": {
				"x": 1.0,
				"y": 0.30000001192092896,
				"z": 0.0
			},
			"StartPointMin": {
				"x": -1.0,
				"y": -0.30000001192092896,
				"z": 0.0
			},
			"TextureKey": "T_dust_Small"
		},
		"BlastWind": {
			"Center": {
				"x": 0.0,
				"y": 0.89999997615814209,
				"z": 0.80000001192092896
			},
			"ChangeTime": 0.0,
			"Color": {
				"w": 1.0,
				"x": 0.81372547149658203,
				"y": 1.0,
				"z": 0.98904263973236084
			},
			"Duration": {
				"x": 0.7999999523162842,
				"y": 1.2999999523162842
			},
			"EffectType": 2,
			"EndScale": {
				"x": 10.0,
				"y": 10.0,
				"z": 10.0
			},
			"LerpColor": {
				"w": 1.0,
				"x": 0.27450978755950928,
				"y": 1.0,
				"z": 0.91464811563491821
			},
			"Loop": {
				"EffectLoop": false,
				"UVLoop": false
			},
			"Mask": {
				"Speed": 2.0,
				"TexKey": "T_GPP_Electric_Light_A",
				"Using": true,
				"x": 0.0,
				"y": -1.0
			},
			"MeshKey": "HemiSphere",
			"MiddleScale": {
				"x": 10.0,
				"y": 10.0,
				"z": 10.0
			},
			"Noise": {
				"Speed": 0.0,
				"TexKey": "T_flow_05",
				"Using": true,
				"x": 0.0,
				"y": 0.0
			},
			"Rotation": {
				"x": 0.0,
				"y": 90.0,
				"z": 0.0
			},
			"StartScale": {
				"x": 10.0,
				"y": 10.0,
				"z": 10.0
			}
		},
		"BlastWind2": {
			"Center": {
				"x": 0.0,
				"y": 0.89999997615814209,
				"z": 0.80000001192092896
			},
			"ChangeTime": 0.0,
			"Color": {
				"w": 1.0,
				"x": 0.81372547149658203,
				"y": 1.0,
				"z": 0.98904263973236084
			},
			"Duration": {
				"x": 0.7999999523162842,
				"y": 1.2999999523162842
			},
			"EffectType": 2,
			"EndScale": {
				"x": 10.0,
				"y": 10.0,
				"z": 10.0
			},
			"LerpColor": {
				"w": 1.0,
				"x": 0.0,
				"y": 1.0,
				"z": 0.85294103622436523
			},
			"Loop": {
				"EffectLoop": false,
				"UVLoop": false
			},
			"Mask": {
				"Speed": 2.0,
				"TexKey": "T_GPP_Electric_Light_A",
				"Using": true,
				"x": 0.0,
				"y": -1.0
			},
			"MeshKey": "helfBallGround",
			"MiddleScale": {
				"x": 10.0,
				"y": 10.0,
				"z": 10.0
			},
			"Noise": {
				"Speed": 0.0,
				"TexKey": "T_flow_05",
				"Using": true,
				"x": 0.0,
				"y": 0.0
			},
			"Rotation": {
				"x": 90.0,
				"y": 0.0,
				"z": 0.0
			},
			"StartScale": {
				"x": 10.0,
				"y": 10.0,
				"z": 10.0
			}
		}
	},
	"Preset Info" : 
	{
		"Duration" : 3.0,
		"Loop" : false
	}
}