{
	"Elements" : 
	{
		"GroundWind" : 
		{
			"Center" : 
			{
				"x" : 0.0,
				"y" : 0.10000000149011612,
				"z" : 0.0
			},
			"ChangeTime" : 1.7000000476837158,
			"Color" : 
			{
				"w" : 1.0,
				"x" : 0.0,
				"y" : 0.0,
				"z" : 0.0
			},
			"Duration" : 
			{
				"x" : 1.6000000238418579,
				"y" : 2.0
			},
			"EffectType" : 2,
			"EndScale" : 
			{
				"x" : 27.0,
				"y" : 27.0,
				"z" : 27.0
			},
			"LerpColor" : 
			{
				"w" : 1.0,
				"x" : 0.99769318103790283,
				"y" : 1.0,
				"z" : 0.96078431606292725
			},
			"Loop" : 
			{
				"EffectLoop" : false,
				"UVLoop" : false
			},
			"Mask" : 
			{
				"Speed" : 2.5,
				"TexKey" : "Mesh(334)",
				"Using" : true,
				"x" : 0.0,
				"y" : 1.0
			},
			"MeshKey" : "RingFloor",
			"MiddleScale" : 
			{
				"x" : 24.0,
				"y" : 24.0,
				"z" : 24.0
			},
			"Noise" : 
			{
				"Speed" : 0.0,
				"TexKey" : "flow_00",
				"Using" : true,
				"x" : 0.0,
				"y" : 0.0
			},
			"Rotation" : 
			{
				"x" : 0.0,
				"y" : 0.0,
				"z" : 0.0
			},
			"StartScale" : 
			{
				"x" : 18.0,
				"y" : 18.0,
				"z" : 18.0
			}
		},
		"SmashWind" : 
		{
			"Center" : 
			{
				"x" : 0.0,
				"y" : 0.40000000596046448,
				"z" : 5.0
			},
			"ChangeTime" : 1.7000000476837158,
			"Color" : 
			{
				"w" : 1.0,
				"x" : 1.0,
				"y" : 0.87673014402389526,
				"z" : 0.16176468133926392
			},
			"Duration" : 
			{
				"x" : 1.6000000238418579,
				"y" : 2.0
			},
			"EffectType" : 2,
			"EndScale" : 
			{
				"x" : 18.0,
				"y" : 18.0,
				"z" : 18.0
			},
			"LerpColor" : 
			{
				"w" : 1.0,
				"x" : 0.99769318103790283,
				"y" : 1.0,
				"z" : 0.96078431606292725
			},
			"Loop" : 
			{
				"EffectLoop" : false,
				"UVLoop" : false
			},
			"Mask" : 
			{
				"Speed" : 2.5,
				"TexKey" : "Mesh(336)",
				"Using" : true,
				"x" : -1.0,
				"y" : 0.0
			},
			"MeshKey" : "Ring",
			"MiddleScale" : 
			{
				"x" : 18.0,
				"y" : 18.0,
				"z" : 18.0
			},
			"Noise" : 
			{
				"Speed" : 0.0,
				"TexKey" : "flow_00",
				"Using" : false,
				"x" : 0.0,
				"y" : 0.0
			},
			"Rotation" : 
			{
				"x" : 0.0,
				"y" : 0.0,
				"z" : 0.0
			},
			"StartScale" : 
			{
				"x" : 18.0,
				"y" : 18.0,
				"z" : 18.0
			}
		}
	},
	"Preset Info" : 
	{
		"Duration" : 4.0,
		"Loop" : false
	}
}