{
	"Elements": {
		"BallOutSide": {
			"Center": {
				"x": 0.0,
				"y": 4.0,
				"z": 11.0
			},
			"ChangeTime": 1.0,
			"Color": {
				"w": 0.57254904508590698,
				"x": 1.0,
				"y": 0.91372549533843994,
				"z": 0.0
			},
			"Duration": {
				"x": 0.0,
				"y": 6.0
			},
			"EffectType": 2,
			"EndScale": {
				"x": 1.2999999523162842,
				"y": 1.2999999523162842,
				"z": 1.2999999523162842
			},
			"LerpColor": {
				"w": 0.64313727617263794,
				"x": 0.65098041296005249,
				"y": 0.51764708757400513,
				"z": 0.0039215688593685627
			},
			"Loop": {
				"EffectLoop": false,
				"UVLoop": true
			},
			"Mask": {
				"Speed": 2.0,
				"TexKey": "T_Fire_Tile_00",
				"Using": true,
				"x": 1.0,
				"y": 1.0
			},
			"MeshKey": "ball",
			"MiddleScale": {
				"x": 1.2999999523162842,
				"y": 1.2999999523162842,
				"z": 1.2999999523162842
			},
			"Noise": {
				"Speed": 1.0,
				"TexKey": "T_GPP_Cloud_Noise_02_A",
				"Using": true,
				"x": 1.0,
				"y": 0.0
			},
			"Rotation": {
				"x": 0.0,
				"y": 0.0,
				"z": 0.0
			},
			"StartScale": {
				"x": 1.2999999523162842,
				"y": 1.2999999523162842,
				"z": 1.2999999523162842
			}
		},
		"BallInside": {
			"Center": {
				"x": 0.0,
				"y": 4.0,
				"z": 11.0
			},
			"ChangeTime": 1.0,
			"Color": {
				"w": 0.57254904508590698,
				"x": 0.0,
				"y": 0.0,
				"z": 0.0
			},
			"Duration": {
				"x": 0.0,
				"y": 6.0
			},
			"EffectType": 2,
			"EndScale": {
				"x": 0.60000002384185791,
				"y": 0.60000002384185791,
				"z": 0.60000002384185791
			},
			"LerpColor": {
				"w": 0.64313727617263794,
				"x": 0.0,
				"y": 0.0,
				"z": 0.0
			},
			"Loop": {
				"EffectLoop": false,
				"UVLoop": true
			},
			"Mask": {
				"Speed": 2.0,
				"TexKey": "T_128White",
				"Using": true,
				"x": 1.0,
				"y": 1.0
			},
			"MeshKey": "ball",
			"MiddleScale": {
				"x": 0.60000002384185791,
				"y": 0.60000002384185791,
				"z": 0.60000002384185791
			},
			"Noise": {
				"Speed": 1.0,
				"TexKey": "T_GPP_Cloud_Noise_02_A",
				"Using": false,
				"x": 1.0,
				"y": 0.0
			},
			"Rotation": {
				"x": 0.0,
				"y": 0.0,
				"z": 0.0
			},
			"StartScale": {
				"x": 0.60000002384185791,
				"y": 0.60000002384185791,
				"z": 0.60000002384185791
			}
		},
		"BlastBall": {
			"Center": {
				"x": 0.0,
				"y": 4.0,
				"z": 11.0
			},
			"ChangeTime": 1.0,
			"Color": {
				"w": 1.0,
				"x": 0.0,
				"y": 0.0,
				"z": 0.0
			},
			"Duration": {
				"x": 0.0,
				"y": 6.0
			},
			"EffectType": 2,
			"EndScale": {
				"x": 1.0,
				"y": 1.0,
				"z": 1.0
			},
			"LerpColor": {
				"w": 1.0,
				"x": 0.0,
				"y": 0.0,
				"z": 0.0
			},
			"Loop": {
				"EffectLoop": false,
				"UVLoop": true
			},
			"Mask": {
				"Speed": 2.0,
				"TexKey": "T_St3_Lightning_Tile_00",
				"Using": true,
				"x": 1.0,
				"y": 0.0
			},
			"MeshKey": "ball",
			"MiddleScale": {
				"x": 1.0,
				"y": 1.0,
				"z": 1.0
			},
			"Noise": {
				"Speed": 1.0,
				"TexKey": "T_St3_Cloud_Tile_00",
				"Using": false,
				"x": 1.0,
				"y": 0.0
			},
			"Rotation": {
				"x": 0.0,
				"y": 0.0,
				"z": 0.0
			},
			"StartScale": {
				"x": 1.0,
				"y": 1.0,
				"z": 1.0
			}
		},
		"BlastL": {
			"Center": {
				"x": 0.0,
				"y": 4.3000001907348633,
				"z": 10.0
			},
			"ChangeTime": 1.0,
			"Color": {
				"w": 1.0,
				"x": 0.0,
				"y": 0.0,
				"z": 0.0
			},
			"Duration": {
				"x": 0.0,
				"y": 6.0
			},
			"EffectType": 2,
			"EndScale": {
				"x": 2.5,
				"y": 2.5,
				"z": 2.5
			},
			"LerpColor": {
				"w": 1.0,
				"x": 1.0,
				"y": 0.74826991558074951,
				"z": 0.04901963472366333
			},
			"Loop": {
				"EffectLoop": false,
				"UVLoop": true
			},
			"Mask": {
				"Speed": 2.0,
				"TexKey": "T_Blade_Moving01",
				"Using": true,
				"x": 1.0,
				"y": 0.0
			},
			"MeshKey": "Blast",
			"MiddleScale": {
				"x": 2.5,
				"y": 2.5,
				"z": 2.5
			},
			"Noise": {
				"Speed": 0.0,
				"TexKey": "flow_00",
				"Using": false,
				"x": 0.0,
				"y": 0.0
			},
			"Rotation": {
				"x": -90.0,
				"y": 0.0,
				"z": 0.0
			},
			"StartScale": {
				"x": 2.5,
				"y": 2.5,
				"z": 2.5
			}
		},
		"BallParticle2": {
			"Center": {
				"x": 0.0,
				"y": 4.0,
				"z": 11.0
			},
			"Color": {
				"x": 1.0,
				"y": 1.0,
				"z": 0.014705896377563477
			},
			"DirectMax": {
				"x": 0.20000000298023224,
				"y": 1.0,
				"z": 0.20000000298023224
			},
			"DirectMin": {
				"x": -0.20000000298023224,
				"y": 0.0,
				"z": 0.0
			},
			"Duration": {
				"x": 0.0,
				"y": 6.0
			},
			"EffectType": 0,
			"InstanceNum": 40,
			"LifeTime": {
				"x": 1.0,
				"y": 1.5
			},
			"Size": {
				"x": 0.10000000149011612,
				"y": 0.40000000596046448
			},
			"Speed": {
				"x": 10.0,
				"y": 15.0
			},
			"StartPointMax": {
				"x": 4.0,
				"y": 0.0,
				"z": 4.0
			},
			"StartPointMin": {
				"x": -4.0,
				"y": 0.0,
				"z": -4.0
			},
			"TextureKey": "T_dust_Small"
		}
	},
	"Preset Info" : 
	{
		"Duration" : 8.0,
		"Loop" : false
	}
}