{
	"Elements" : 
	{
		"Laser" : 
		{
			"Center" : 
			{
				"x" : 0.0,
				"y" : -0.69999998807907104,
				"z" : 33.0
			},
			"ChangeTime" : 1.0,
			"Color" : 
			{
				"w" : 1.0,
				"x" : 1.0,
				"y" : 0.82871973514556885,
				"z" : 0.029411792755126953
			},
			"Duration" : 
			{
				"x" : 0.0,
				"y" : 4.0
			},
			"EffectType" : 2,
			"EndScale" : 
			{
				"x" : 1.5,
				"y" : 9.6999998092651367,
				"z" : 1.5
			},
			"LerpColor" : 
			{
				"w" : 1.0,
				"x" : 1.0,
				"y" : 1.0,
				"z" : 0.78921568393707275
			},
			"Loop" : 
			{
				"EffectLoop" : false,
				"UVLoop" : true
			},
			"Mask" : 
			{
				"Speed" : 4.0,
				"TexKey" : "T_LaserGradient",
				"Using" : true,
				"x" : 1.0,
				"y" : 0.0
			},
			"MeshKey" : "Effect_Cylinder",
			"MiddleScale" : 
			{
				"x" : 1.5,
				"y" : 9.6999998092651367,
				"z" : 1.5
			},
			"Noise" : 
			{
				"Speed" : 0.0,
				"TexKey" : "txt_fx_underwater_caustic",
				"Using" : true,
				"x" : 0.0,
				"y" : 0.0
			},
			"Rotation" : 
			{
				"x" : -80.0,
				"y" : 0.0,
				"z" : 0.0
			},
			"StartScale" : 
			{
				"x" : 1.5,
				"y" : 9.6999998092651367,
				"z" : 1.5
			}
		},
		"LaserWind" : 
		{
			"Center" : 
			{
				"x" : 0.0,
				"y" : 3.5999999046325684,
				"z" : 10.0
			},
			"ChangeTime" : 1.0,
			"Color" : 
			{
				"w" : 1.0,
				"x" : 1.0,
				"y" : 0.85294121503829956,
				"z" : 0.0
			},
			"Duration" : 
			{
				"x" : 0.0,
				"y" : 4.0
			},
			"EffectType" : 2,
			"EndScale" : 
			{
				"x" : 2.4000000953674316,
				"y" : 2.4000000953674316,
				"z" : 2.4000000953674316
			},
			"LerpColor" : 
			{
				"w" : 1.0,
				"x" : 1.0,
				"y" : 0.79411768913269043,
				"z" : 0.0
			},
			"Loop" : 
			{
				"EffectLoop" : false,
				"UVLoop" : true
			},
			"Mask" : 
			{
				"Speed" : 4.0,
				"TexKey" : "Mesh(334)",
				"Using" : true,
				"x" : 0.0,
				"y" : 1.0
			},
			"MeshKey" : "Torus",
			"MiddleScale" : 
			{
				"x" : 2.4000000953674316,
				"y" : 2.4000000953674316,
				"z" : 2.4000000953674316
			},
			"Noise" : 
			{
				"Speed" : 0.0,
				"TexKey" : "txt_fx_underwater_caustic",
				"Using" : false,
				"x" : 0.0,
				"y" : 0.0
			},
			"Rotation" : 
			{
				"x" : -90.0,
				"y" : 0.0,
				"z" : 0.0
			},
			"StartScale" : 
			{
				"x" : 2.4000000953674316,
				"y" : 2.4000000953674316,
				"z" : 2.4000000953674316
			}
		},
		"LaserWind2" : 
		{
			"Center" : 
			{
				"x" : 0.0,
				"y" : 3.5999999046325684,
				"z" : 10.0
			},
			"ChangeTime" : 1.7999999523162842,
			"Color" : 
			{
				"w" : 1.0,
				"x" : 1.0,
				"y" : 1.0,
				"z" : 1.0
			},
			"Duration" : 
			{
				"x" : 0.0,
				"y" : 4.0
			},
			"EffectType" : 2,
			"EndScale" : 
			{
				"x" : 300.0,
				"y" : 300.0,
				"z" : 300.0
			},
			"LerpColor" : 
			{
				"w" : 1.0,
				"x" : 1.0,
				"y" : 0.95054787397384644,
				"z" : 0.7598038911819458
			},
			"Loop" : 
			{
				"EffectLoop" : false,
				"UVLoop" : true
			},
			"Mask" : 
			{
				"Speed" : 6.0,
				"TexKey" : "T_GPP_Wind_Stripe_A",
				"Using" : true,
				"x" : 0.0,
				"y" : 1.0
			},
			"MeshKey" : "Wind2",
			"MiddleScale" : 
			{
				"x" : 100.0,
				"y" : 100.0,
				"z" : 100.0
			},
			"Noise" : 
			{
				"Speed" : 0.0,
				"TexKey" : "flow_00",
				"Using" : true,
				"x" : 0.0,
				"y" : 0.0
			},
			"Rotation" : 
			{
				"x" : -90.0,
				"y" : 0.0,
				"z" : 0.0
			},
			"StartScale" : 
			{
				"x" : 100.0,
				"y" : 100.0,
				"z" : 100.0
			}
		},
		"LaserWind3" : 
		{
			"Center" : 
			{
				"x" : 0.0,
				"y" : 3.5999999046325684,
				"z" : 10.0
			},
			"ChangeTime" : 1.7999999523162842,
			"Color" : 
			{
				"w" : 1.0,
				"x" : 1.0,
				"y" : 0.95069205760955811,
				"z" : 0.44117647409439087
			},
			"Duration" : 
			{
				"x" : 0.0,
				"y" : 4.0
			},
			"EffectType" : 2,
			"EndScale" : 
			{
				"x" : 50.0,
				"y" : 50.0,
				"z" : 50.0
			},
			"LerpColor" : 
			{
				"w" : 1.0,
				"x" : 1.0,
				"y" : 0.95054787397384644,
				"z" : 0.7598038911819458
			},
			"Loop" : 
			{
				"EffectLoop" : false,
				"UVLoop" : true
			},
			"Mask" : 
			{
				"Speed" : 6.0,
				"TexKey" : "T_GPBAR_Trail_Plasma_A",
				"Using" : true,
				"x" : 0.0,
				"y" : 1.0
			},
			"MeshKey" : "Wind2",
			"MiddleScale" : 
			{
				"x" : 50.0,
				"y" : 50.0,
				"z" : 50.0
			},
			"Noise" : 
			{
				"Speed" : 0.0,
				"TexKey" : "flow_00",
				"Using" : false,
				"x" : 0.0,
				"y" : 0.0
			},
			"Rotation" : 
			{
				"x" : -90.0,
				"y" : 0.0,
				"z" : 0.0
			},
			"StartScale" : 
			{
				"x" : 50.0,
				"y" : 50.0,
				"z" : 50.0
			}
		}
	},
	"Preset Info" : 
	{
		"Duration" : 3.0,
		"Loop" : false
	}
}