{
	"Elements" : 
	{
		"BallParticle" : 
		{
			"Center" : 
			{
				"x" : 0.0,
				"y" : 4.0,
				"z" : 11.0
			},
			"Color" : 
			{
				"x" : 1.0,
				"y" : 1.0,
				"z" : 0.014705896377563477
			},
			"DirectMax" : 
			{
				"x" : 0.20000000298023224,
				"y" : 1.0,
				"z" : 0.20000000298023224
			},
			"DirectMin" : 
			{
				"x" : -0.20000000298023224,
				"y" : 0.0,
				"z" : 0.0
			},
			"Duration" : 
			{
				"x" : 0.0,
				"y" : 5.0
			},
			"EffectType" : 0,
			"InstanceNum" : 40,
			"LifeTime" : 
			{
				"x" : 1.0,
				"y" : 1.5
			},
			"Size" : 
			{
				"x" : 0.10000000149011612,
				"y" : 0.40000000596046448
			},
			"Speed" : 
			{
				"x" : 10.0,
				"y" : 15.0
			},
			"StartPointMax" : 
			{
				"x" : 4.0,
				"y" : 0.0,
				"z" : 4.0
			},
			"StartPointMin" : 
			{
				"x" : -4.0,
				"y" : 0.0,
				"z" : -4.0
			},
			"TextureKey" : "T_dust_Small"
		},
		"BallParticle2" : 
		{
			"Center" : 
			{
				"x" : 0.0,
				"y" : 4.0,
				"z" : 11.0
			},
			"Color" : 
			{
				"x" : 1.0,
				"y" : 1.0,
				"z" : 0.014705896377563477
			},
			"DirectMax" : 
			{
				"x" : 0.20000000298023224,
				"y" : 1.0,
				"z" : 0.20000000298023224
			},
			"DirectMin" : 
			{
				"x" : -0.20000000298023224,
				"y" : 0.0,
				"z" : 0.0
			},
			"Duration" : 
			{
				"x" : 0.0,
				"y" : 5.0
			},
			"EffectType" : 0,
			"InstanceNum" : 40,
			"LifeTime" : 
			{
				"x" : 1.0,
				"y" : 1.5
			},
			"Size" : 
			{
				"x" : 0.10000000149011612,
				"y" : 0.40000000596046448
			},
			"Speed" : 
			{
				"x" : 10.0,
				"y" : 15.0
			},
			"StartPointMax" : 
			{
				"x" : 4.0,
				"y" : 0.0,
				"z" : 4.0
			},
			"StartPointMin" : 
			{
				"x" : -4.0,
				"y" : 0.0,
				"z" : -4.0
			},
			"TextureKey" : "T_dust_Small"
		}
	},
	"Preset Info" : 
	{
		"Duration" : 1.5,
		"Loop" : true
	}
}