{
	"Elements": {
		"Ground1": {
			"Axis": {
				"x": 0.0,
				"y": 1.0,
				"z": 0.0
			},
			"Center": {
				"x": 0.0,
				"y": 0.02199999988079071,
				"z": 0.0
			},
			"Color": {
				"w": 1.0,
				"x": 0.94607841968536377,
				"y": 0.80694925785064697,
				"z": 0.0
			},
			"Duration": {
				"x": 0.0,
				"y": 0.5
			},
			"EffectType": 1,
			"EndScale": {
				"x": 0.5,
				"y": 0.5
			},
			"Loop": {
				"Loop": false
			},
			"MiddleScale": {
				"x": 2.5,
				"y": 2.5
			},
			"Rotation": {
				"x": 90.0,
				"y": 0.0,
				"z": 0.0
			},
			"ScaleChageTime": 0.19999998807907104,
			"Speed": 3.0,
			"StartScale": {
				"x": 0.3,
				"y": 0.3
			},
			"TextureKey": "T_GroundShape02"
		},
		"Ground2": {
			"Axis": {
				"x": 0.0,
				"y": 1.0,
				"z": 0.0
			},
			"Center": {
				"x": 0.0,
				"y": 0.019999999552965164,
				"z": 0.0
			},
			"Color": {
				"w": 1.0,
				"x": 1.0,
				"y": 1.0,
				"z": 1.0
			},
			"Duration": {
				"x": 0.0,
				"y": 0.5
			},
			"EffectType": 1,
			"EndScale": {
				"x": 0.5,
				"y": 0.5
			},
			"Loop": {
				"Loop": false
			},
			"MiddleScale": {
				"x": 2.5,
				"y": 2.5
			},
			"Rotation": {
				"x": 90.0,
				"y": 0.0,
				"z": 0.0
			},
			"ScaleChageTime": 0.19999998807907104,
			"Speed": 3.0,
			"StartScale": {
				"x": 0.3,
				"y": 0.3
			},
			"TextureKey": "T_GroundShape05"
		},
		"WindRing": {
			"Center": {
				"x": 0.0,
				"y": 0.70000001192092896,
				"z": 0.0
			},
			"Rotation": {
				"x": 0.0,
				"y": 0.0,
				"z": 0.0
			},
			"ChangeTime": 0.19999998807907104,
			"Color": {
				"w": 1.0,
				"x": 0.94607841968536377,
				"y": 0.80694925785064697,
				"z": 0.0
			},
			"Duration": {
				"x": 0.0,
				"y": 0.5
			},
			"EffectType": 2,
			"EndScale": {
				"x": 1.0,
				"y": 1.0,
				"z": 1.0
			},
			"LerpColor": {
				"w": 1.0,
				"x": 0.94607841968536377,
				"y": 0.80694925785064697,
				"z": 0.0
			},
			"Loop": {
				"EffectLoop": false,
				"UVLoop": true
			},
			"Mask": {
				"Speed": 2.0,
				"TexKey": "Mesh(334)",
				"Using": true,
				"x": 1.0,
				"y": 0.0
			},
			"MeshKey": "Wind2",
			"MiddleScale": {
				"x": 45.0,
				"y": 45.0,
				"z": 45.0
			},
			"Noise": {
				"Speed": 1.0,
				"TexKey": "T_GPBAR_Swirly_Noise",
				"Using": false,
				"x": 1.0,
				"y": 0.0
			},
			"StartScale": {
				"x": 20.0,
				"y": 20.0,
				"z": 20.0
			}
		},
		"LeftPunch": {
			"Center": {
				"x": 0.0,
				"y": 1.1000000476837158,
				"z": 0.10000000149011612
			},
			"ChangeTime": 0.05000000074505806,
			"Color": {
				"w": 1.0,
				"x": 1.0,
				"y": 0.97808533906936646,
				"z": 0.81372547149658203
			},
			"Duration": {
				"x": 1.2,
				"y": 1.35000000596046448
			},
			"EffectType": 2,
			"EndScale": {
				"x": 10.0,
				"y": 10.0,
				"z": 10.0
			},
			"LerpColor": {
				"w": 1.0,
				"x": 1.0,
				"y": 0.90253746509552002,
				"z": 0.17156863212585449
			},
			"Loop": {
				"EffectLoop": false,
				"UVLoop": false
			},
			"Mask": {
				"Speed": 2.0,
				"TexKey": "T_St3_Land_Wind_00",
				"Using": true,
				"x": -1.0,
				"y": 0.0
			},
			"MeshKey": "Wind2",
			"MiddleScale": {
				"x": 10.0,
				"y": 10.0,
				"z": 10.0
			},
			"Noise": {
				"Speed": 0.0,
				"TexKey": "flow_00",
				"Using": false,
				"x": 0.0,
				"y": 0.0
			},
			"Rotation": {
				"x": 0.0,
				"y": 0.0,
				"z": 0.0
			},
			"StartScale": {
				"x": 10.0,
				"y": 10.0,
				"z": 10.0
			}
		},
		"RightPunch": {
			"Center": {
				"x": -0.4,
				"y": 1.0000000238418579,
				"z": 0.10000000149011612
			},
			"ChangeTime": 0.05000000074505806,
			"Color": {
				"w": 1.0,
				"x": 1.0,
				"y": 0.97808533906936646,
				"z": 0.81372547149658203
			},
			"Duration": {
				"x": 1.37000000178813934,
				"y": 1.50000001192092896
			},
			"EffectType": 2,
			"EndScale": {
				"x": 6.0,
				"y": 10.0,
				"z": 10.0
			},
			"LerpColor": {
				"w": 1.0,
				"x": 1.0,
				"y": 0.90253746509552002,
				"z": 0.17156863212585449
			},
			"Loop": {
				"EffectLoop": false,
				"UVLoop": false
			},
			"Mask": {
				"Speed": 2.0,
				"TexKey": "T_St3_Land_Wind_00",
				"Using": true,
				"x": 1.0,
				"y": 0.0
			},
			"MeshKey": "Wind2",
			"MiddleScale": {
				"x": 6.0,
				"y": 10.0,
				"z": 10.0
			},
			"Noise": {
				"Speed": 0.0,
				"TexKey": "flow_00",
				"Using": false,
				"x": 0.0,
				"y": 0.0
			},
			"Rotation": {
				"x": 0.0,
				"y": 130.0,
				"z": 0.0
			},
			"StartScale": {
				"x": 6.0,
				"y": 10.0,
				"z": 10.0
			}
		},
		"KickWind": {
			"Center": {
				"x": 0.0,
				"y": 1.0,
				"z": 0.0
			},
			"ChangeTime": 2.89999998807907104,
			"Color": {
				"w": 1.0,
				"x": 1.0,
				"y": 0.83477509021759033,
				"z": 0.063725471496582031
			},
			"Duration": {
				"x": 2.55000001192092896,
				"y": 2.9500000476837158
			},
			"EffectType": 2,
			"EndScale": {
				"x": 1.0,
				"y": 1.0,
				"z": 1.0
			},
			"LerpColor": {
				"w": 1.0,
				"x": 1.0,
				"y": 0.97001153230667114,
				"z": 0.74509799480438232
			},
			"Loop": {
				"EffectLoop": false,
				"UVLoop": false
			},
			"Mask": {
				"Speed": 3.0,
				"TexKey": "T_Fire_Tile_00",
				"Using": true,
				"x": 0.0,
				"y": -1.0
			},
			"MeshKey": "helfBall",
			"MiddleScale": {
				"x": 2.5,
				"y": 2.5,
				"z": 2.5
			},
			"Noise": {
				"Speed": 1.0,
				"TexKey": "flow_67",
				"Using": true,
				"x": 1.0,
				"y": 0.0
			},
			"Rotation": {
				"x": 0.0,
				"y": 90.0,
				"z": 90.0
			},
			"StartScale": {
				"x": 1.0,
				"y": 1.0,
				"z": 1.0
			}
		},
		"DistortionMesh": {
			"Center": {
				"x": 0.0,
				"y": 0.89999997615814209,
				"z": 0.80000001192092896
			},
			"Rotation": {
				"x": 0.0,
				"y": 0.0,
				"z": 0.0
			},
			"ChangeTime": 3.05000001668930054,
			"Color": {
				"w": 0.0,
				"x": 0.5,
				"y": 0.0,
				"z": 0.0
			},
			"Duration": {
				"x": 2.55000001192092896,
				"y": 3.3500000476837158
			},
			"EffectType": 2,
			"EndScale": {
				"x": 0.10000000149011612,
				"y": 0.10000000149011612,
				"z": 0.10000000149011612
			},
			"LerpColor": {
				"w": 0.0,
				"x": 0.50,
				"y": 0.0,
				"z": 0.0
			},
			"Loop": {
				"EffectLoop": false,
				"UVLoop": true
			},
			"Mask": {
				"Speed": 3.0,
				"TexKey": "T_Fire_Tile_00",
				"Using": true,
				"x": 1.0,
				"y": 0.0
			},
			"MeshKey": "ball",
			"MiddleScale": {
				"x": 2.50000001192092896,
				"y": 2.50000001192092896,
				"z": 2.50000001192092896
			},
			"Noise": {
				"Speed": 1.0,
				"TexKey": "T_GPP_Noise_Smooth_A",
				"Using": true,
				"x": 1.0,
				"y": 0.0
			},
			"StartScale": {
				"x": 0.5,
				"y": 0.5,
				"z": 0.5
			}
		}
	},
	"Preset Info" : 
	{
		"Duration" : 3.5,
		"Loop" : false
	}
}