{
	"Elements" : 
	{
		"AroundWind" : 
		{
			"Center" : 
			{
				"x" : 0.0,
				"y" : 0.10000000149011612,
				"z" : 0.0
			},
			"ChangeTime" : 0.80000001192092896,
			"Color" : 
			{
				"w" : 1.0,
				"x" : 1.0,
				"y" : 0.96626299619674683,
				"z" : 0.61764705181121826
			},
			"Duration" : 
			{
				"x" : 1.70000000298023224,
				"y" : 2.19999998807907104
			},
			"EffectType" : 2,
			"EndScale" : 
			{
				"x" : 4.0,
				"y" : 6.0,
				"z" : 4.0
			},
			"LerpColor" : 
			{
				"w" : 1.0,
				"x" : 1.0,
				"y" : 0.8581315279006958,
				"z" : 0.19607841968536377
			},
			"Loop" : 
			{
				"EffectLoop" : false,
				"UVLoop" : true
			},
			"Mask" : 
			{
				"Speed" : 3.0,
				"TexKey" : "Mesh(333)",
				"Using" : true,
				"x" : 1.0,
				"y" : 0.0
			},
			"MeshKey" : "Ring",
			"MiddleScale" : 
			{
				"x" : 3.0,
				"y" : 6.0,
				"z" : 3.0
			},
			"Noise" : 
			{
				"Speed" : 0.0,
				"TexKey" : "T_GPBAR_Swirly_Noise",
				"Using" : true,
				"x" : 0.0,
				"y" : 0.0
			},
			"Rotation" : 
			{
				"x" : 0.0,
				"y" : 0.0,
				"z" : 0.0
			},
			"StartScale" : 
			{
				"x" : 1.0,
				"y" : 6.0,
				"z" : 1.0
			}
		},
		"AtkParticle" : 
		{
			"Center" : 
			{
				"x" : 0.0,
				"y" : 0.0,
				"z" : 0.0
			},
			"Color" : 
			{
				"x" : 1.0,
				"y" : 1.0,
				"z" : 1.0
			},
			"DirectMax" : 
			{
				"x" : 0.5,
				"y" : 1.0,
				"z" : 0.5
			},
			"DirectMin" : 
			{
				"x" : -0.5,
				"y" : 0.0,
				"z" : -0.5
			},
			"EffectType" : 0,
			"InstanceNum" : 60,
			"LifeTime" : 
			{
				"x" : 0.0,
				"y" : 4.0
			},
			"Size" : 
			{
				"x" : 0.02000000149011612,
				"y" : 0.06000000298023224
			},
			"Speed" : 
			{
				"x" : 7.0,
				"y" : 12.0
			},
			"StartPointMax" : 
			{
				"x" : 0.69999998807907104,
				"y" : 0.10000000149011612,
				"z" : 0.69999998807907104
			},
			"StartPointMin" : 
			{
				"x" : -0.69999998807907104,
				"y" : 0.0,
				"z" : -0.69999998807907104
			},
			"TextureKey" : "T_dust_Small"
		},
		"GroundWind2" : 
		{
			"Center" : 
			{
				"x" : 0.0,
				"y" : 0.10000000149011612,
				"z" : 0.0
			},
			"ChangeTime" : 0.80000001192092896,
			"Color" : 
			{
				"w" : 1.0,
				"x" : 1.0,
				"y" : 0.96626299619674683,
				"z" : 0.61764705181121826
			},
			"Duration" : 
			{
				"x" : 2.29999998807907104,
				"y" : 2.8999999523162842
			},
			"EffectType" : 2,
			"EndScale" : 
			{
				"x" : 3.0,
				"y" : 3.0,
				"z" : 3.0
			},
			"LerpColor" : 
			{
				"w" : 1.0,
				"x" : 1.0,
				"y" : 0.8581315279006958,
				"z" : 0.19607841968536377
			},
			"Loop" : 
			{
				"EffectLoop" : false,
				"UVLoop" : false
			},
			"Mask" : 
			{
				"Speed" : 3.0,
				"TexKey" : "T_Fire_Tile_00",
				"Using" : true,
				"x" : 1.0,
				"y" : 0.0
			},
			"MeshKey" : "Torus",
			"MiddleScale" : 
			{
				"x" : 3.0,
				"y" : 3.0,
				"z" : 3.0
			},
			"Noise" : 
			{
				"Speed" : 0.0,
				"TexKey" : "flow_70",
				"Using" : true,
				"x" : 0.0,
				"y" : 0.0
			},
			"Rotation" : 
			{
				"x" : 0.0,
				"y" : 0.0,
				"z" : 0.0
			},
			"StartScale" : 
			{
				"x" : 1.0,
				"y" : 1.0,
				"z" : 1.0
			}
		},
		"SpinWind" : 
		{
			"Center" : 
			{
				"x" : 0.0,
				"y" : 0.10000000149011612,
				"z" : 0.0
			},
			"ChangeTime" : 0.80000001192092896,
			"Color" : 
			{
				"w" : 1.0,
				"x" : 1.0,
				"y" : 0.99394464492797852,
				"z" : 0.93137252330780029
			},
			"Duration" : 
			{
				"x" : 2.29999998807907104,
				"y" : 2.8999999523162842
			},
			"EffectType" : 2,
			"EndScale" : 
			{
				"x" : 20.0,
				"y" : 20.0,
				"z" : 20.0
			},
			"LerpColor" : 
			{
				"w" : 1.0,
				"x" : 1.0,
				"y" : 0.8581315279006958,
				"z" : 0.19607841968536377
			},
			"Loop" : 
			{
				"EffectLoop" : false,
				"UVLoop" : false
			},
			"Mask" : 
			{
				"Speed" : 3.0,
				"TexKey" : "T_Fire_Tile_00",
				"Using" : true,
				"x" : 0.0,
				"y" : 1.0
			},
			"MeshKey" : "helfBallGround",
			"MiddleScale" : 
			{
				"x" : 10.0,
				"y" : 10.0,
				"z" : 10.0
			},
			"Noise" : 
			{
				"Speed" : 0.0,
				"TexKey" : "flow_70",
				"Using" : true,
				"x" : 0.0,
				"y" : 0.0
			},
			"Rotation" : 
			{
				"x" : 0.0,
				"y" : 0.0,
				"z" : 0.0
			},
			"StartScale" : 
			{
				"x" : 1.0,
				"y" : 1.0,
				"z" : 1.0
			}
		}
	},
	"Preset Info" : 
	{
		"Duration" : 4.0,
		"Loop" : false
	}
}