{
	"Elements" : 
	{
		"KickWind" : 
		{
			"Center" : 
			{
				"x" : 0.0,
				"y" : 1.0,
				"z" : 0.0
			},
			"ChangeTime" : 0.69999998807907104,
			"Color" : 
			{
				"w" : 1.0,
				"x" : 1.0,
				"y" : 0.83477509021759033,
				"z" : 0.063725471496582031
			},
			"Duration" : 
			{
				"x" : 0.80000001192092896,
				"y" : 1.2000000476837158
			},
			"EffectType" : 2,
			"EndScale" : 
			{
				"x" : 1.0,
				"y" : 1.0,
				"z" : 1.0
			},
			"LerpColor" : 
			{
				"w" : 1.0,
				"x" : 1.0,
				"y" : 0.97001153230667114,
				"z" : 0.74509799480438232
			},
			"Loop" : 
			{
				"EffectLoop" : false,
				"UVLoop" : false
			},
			"Mask" : 
			{
				"Speed" : 3.0,
				"TexKey" : "T_Fire_Tile_00",
				"Using" : true,
				"x" : 0.0,
				"y" : -1.0
			},
			"MeshKey" : "helfBall",
			"MiddleScale" : 
			{
				"x" : 1.0,
				"y" : 1.0,
				"z" : 1.0
			},
			"Noise" : 
			{
				"Speed" : 1.0,
				"TexKey" : "flow_67",
				"Using" : true,
				"x" : 1.0,
				"y" : 0.0
			},
			"Rotation" : 
			{
				"x" : 0.0,
				"y" : 90.0,
				"z" : 90.0
			},
			"StartScale" : 
			{
				"x" : 1.0,
				"y" : 1.0,
				"z" : 1.0
			}
		}
	},
	"Preset Info" : 
	{
		"Duration" : 3.0,
		"Loop" : false
	}
}