{
	"Elements" : 
	{
		"GlowBalll" : 
		{
			"Center" : 
			{
				"x" : 0.0,
				"y" : 0.45000001192092896,
				"z" : 0.0
			},
			"ChangeTime" : 0.30000001192092896,
			"Color" : 
			{
				"w" : 1.0,
				"x" : 1.0,
				"y" : 0.83953279256820679,
				"z" : 0.22058820724487305
			},
			"Duration" : 
			{
				"x" : 0.0,
				"y" : 0.69999998807907104
			},
			"EffectType" : 2,
			"EndScale" : 
			{
				"x" : 1.0,
				"y" : 1.0,
				"z" : 1.0
			},
			"LerpColor" : 
			{
				"w" : 1.0,
				"x" : 1.0,
				"y" : 0.92430794239044189,
				"z" : 0.63235294818878174
			},
			"Loop" : 
			{
				"EffectLoop" : true,
				"UVLoop" : true
			},
			"Mask" : 
			{
				"Speed" : 1.0,
				"TexKey" : "T_GPP_Flame_A",
				"Using" : true,
				"x" : 0.0,
				"y" : 1.0
			},
			"MeshKey" : "helfBallGround",
			"MiddleScale" : 
			{
				"x" : 1.0,
				"y" : 1.0,
				"z" : 1.0
			},
			"Noise": {
				"Speed": 0.0,
				"TexKey": "flow_00",
				"Using": true,
				"x": 0.0,
				"y": 0.0
			},
			"Rotation" : 
			{
				"x" : 90.0,
				"y" : 0.0,
				"z" : 0.0
			},
			"StartScale" : 
			{
				"x" : 2.0,
				"y" : 2.0,
				"z" : 2.0
			}
		},
		"Sparkle" : 
		{
			"Center" : 
			{
				"x" : 0.0,
				"y" : 0.30000001192092896,
				"z" : 0.0
			},
			"Color" : 
			{
				"x" : 1.0,
				"y" : 0.88595736026763916,
				"z" : 0.44607841968536377
			},
			"DirectMax" : 
			{
				"x" : 1.0,
				"y" : 1.0,
				"z" : 1.0
			},
			"DirectMin" : 
			{
				"x" : -1.0,
				"y" : -1.0,
				"z" : -1.0
			},
			"Duration" : 
			{
				"x" : 0.0,
				"y" : 1.0
			},
			"EffectType" : 0,
			"InstanceNum" : 6,
			"LifeTime" : 
			{
				"x" : 0.0,
				"y" : 1.0
			},
			"Size" : 
			{
				"x" : 0.10000000149011612,
				"y" : 0.3
			},
			"Speed" : 
			{
				"x" : 1.0,
				"y" : 3.0
			},
			"StartPointMax" : 
			{
				"x" : 0.10000000149011612,
				"y" : 0.10000000149011612,
				"z" : 0.10000000149011612
			},
			"StartPointMin" : 
			{
				"x" : -0.10000000149011612,
				"y" : -0.10000000149011612,
				"z" : -0.10000000149011612
			},
			"TextureKey" : "T_Flare_00"
		}
	},
	"Preset Info" : 
	{
		"Duration" : 3.0,
		"Loop" : true
	}
}