{
	"Elements" : 
	{
		"KickWind": {
			"Center": {
				"x": 0.0,
				"y": 0.40000001192092896,
				"z": 0.0
			},
			"ChangeTime": 0.30000001192092896,
			"Color": {
				"w": 0.57647061347961426,
				"x": 0.83921569585800171,
				"y": 0.99215686321258545,
				"z": 1.0
			},
			"Duration": {
				"x": 0.10000002384185791,
				"y": 0.6999999761581421
			},
			"EffectType": 2,
			"EndScale": {
				"x": 20.0,
				"y": 10.0,
				"z": 10.0
			},
			"LerpColor": {
				"w": 0.56862747669219971,
				"x": 0.48627451062202454,
				"y": 1.0,
				"z": 0.87843137979507446
			},
			"Loop": {
				"EffectLoop": false,
				"UVLoop": false
			},
			"Mask": {
				"Speed": 7.0,
				"TexKey": "T_Smoke_Tile_00",
				"Using": true,
				"x": 0.0,
				"y": 1.0
			},
			"MeshKey": "Fireball_Cyl",
			"MiddleScale": {
				"x": 10.0,
				"y": 4.0,
				"z": 4.0
			},
			"Noise": {
				"Speed": 0.0,
				"TexKey": "flow_67",
				"Using": true,
				"x": 0.0,
				"y": 0.0
			},
			"Rotation": {
				"x": 0.0,
				"y": 90.0,
				"z": 0.0
			},
			"StartScale": {
				"x": 5.0,
				"y": 2.0,
				"z": 2.0
			}
		}
	},
	"Preset Info" : 
	{
		"Duration" : 1.0,
		"Loop" : false
	}
}