{
	"Elements": {
		"GlowAura": {
			"Center": {
				"x": 0.0,
				"y": 0.60000002384185791,
				"z": 0.0
			},
			"ChangeTime": 0.0,
			"Color": {
				"w": 1.0,
				"x": 1.0,
				"y": 0.95703577995300293,
				"z": 0.26960784196853638
			},
			"Duration": {
				"x": 0.0,
				"y": 0.30000001192092896
			},
			"EffectType": 2,
			"EndScale": {
				"x": 8.0,
				"y": 8.0,
				"z": 8.0
			},
			"LerpColor": {
				"w": 1.0,
				"x": 1.0,
				"y": 0.97577857971191406,
				"z": 0.72549021244049072
			},
			"Loop": {
				"EffectLoop": false,
				"UVLoop": false
			},
			"Mask": {
				"Speed": 3.0,
				"TexKey": "T_Fire_Tile_00",
				"Using": true,
				"x": 0.0,
				"y": 1.0
			},
			"MeshKey": "helfBallGround",
			"MiddleScale": {
				"x": 3.0,
				"y": 3.0,
				"z": 3.0
			},
			"Noise": {
				"Speed": 0.0,
				"TexKey": "flow_00",
				"Using": true,
				"x": 0.0,
				"y": 0.0
			},
			"Rotation": {
				"x": 0.0,
				"y": 90.0,
				"z": 90.0
			},
			"StartScale": {
				"x": 1.0,
				"y": 1.0,
				"z": 1.0
			}
		},
		"GlowBigger": {
			"Center": {
				"x": 0.0,
				"y": 0.60000002384185791,
				"z": 0.0
			},
			"ChangeTime": 0.0,
			"Color": {
				"w": 1.0,
				"x": 1.0,
				"y": 0.95703577995300293,
				"z": 0.26960784196853638
			},
			"Duration": {
				"x": 0.0,
				"y": 0.20000000298023224
			},
			"EffectType": 2,
			"EndScale": {
				"x": 1.7000000476837158,
				"y": 1.7000000476837158,
				"z": 1.7000000476837158
			},
			"LerpColor": {
				"w": 1.0,
				"x": 1.0,
				"y": 0.97577857971191406,
				"z": 0.72549021244049072
			},
			"Loop": {
				"EffectLoop": false,
				"UVLoop": false
			},
			"Mask": {
				"Speed": 0.0,
				"TexKey": "T_Fire_Tile_00",
				"Using": true,
				"x": 0.0,
				"y": 0.0
			},
			"MeshKey": "ball",
			"MiddleScale": {
				"x": 0.5,
				"y": 0.5,
				"z": 0.5
			},
			"Noise": {
				"Speed": 0.0,
				"TexKey": "T_GPP_Cloud_Noise_02_A",
				"Using": true,
				"x": 0.0,
				"y": 0.0
			},
			"Rotation": {
				"x": 0.0,
				"y": 0.0,
				"z": 0.0
			},
			"StartScale": {
				"x": 0.10000000149011612,
				"y": 0.10000000149011612,
				"z": 0.10000000149011612
			}
		},
		"Sparkle": {
			"Center": {
				"x": 0.0,
				"y": 0.30000001192092896,
				"z": 0.0
			},
			"Color": {
				"x": 1.0,
				"y": 0.88595736026763916,
				"z": 0.44607841968536377
			},
			"DirectMax": {
				"x": 1.0,
				"y": 1.0,
				"z": 1.0
			},
			"DirectMin": {
				"x": -1.0,
				"y": -1.0,
				"z": -1.0
			},
			"Duration": {
				"x": 0.0,
				"y": 0.6
			},
			"EffectType": 0,
			"InstanceNum": 30,
			"LifeTime": {
				"x": 0.2,
				"y": 0.5
			},
			"Size": {
				"x": 0.10000000149011612,
				"y": 0.3
			},
			"Speed": {
				"x": 3.0,
				"y": 7.0
			},
			"StartPointMax": {
				"x": 0.10000000149011612,
				"y": 0.10000000149011612,
				"z": 0.10000000149011612
			},
			"StartPointMin": {
				"x": -0.10000000149011612,
				"y": -0.10000000149011612,
				"z": -0.10000000149011612
			},
			"TextureKey": "T_Flare_00"
		}
	},
	"Preset Info" : 
	{
		"Duration" : 0.60000001192092896,
		"Loop" : false
	}
}