{
	"Elements" : 
	{
		"WindParticle" : 
		{
			"Center" : 
			{
				"x" : 0.0,
				"y" : 0.0,
				"z" : 0.0
			},
			"Color" : 
			{
				"x" : 0.5,
				"y" : 1.0,
				"z" : 0.88235294818878174
			},
			"DirectMax" : 
			{
				"x" : 0.40000000596046448,
				"y" : 1.0,
				"z" : 0.40000000596046448
			},
			"DirectMin" : 
			{
				"x" : -0.40000000596046448,
				"y" : 1.0,
				"z" : -0.40000000596046448
			},
			"Duration" : 
			{
				"x" : 0.0,
				"y" : 1.0
			},
			"EffectType" : 0,
			"InstanceNum" : 40,
			"LifeTime" : 
			{
				"x" : 0.5,
				"y" : 0.8
			},
			"Size" : 
			{
				"x" : 0.01000000074505806,
				"y" : 0.03000000149011612
			},
			"Speed" : 
			{
				"x" : 8.0,
				"y" : 17.0
			},
			"StartPointMax" : 
			{
				"x" : 1.30000000596046448,
				"y" : 0.0,
				"z" : 1.30000000596046448
			},
			"StartPointMin" : 
			{
				"x" : -1.30000000596046448,
				"y" : 0.0,
				"z" : -1.30000000596046448
			},
			"TextureKey" : "T_dust_Small"
		},
		"WindRing" : 
		{
			"Center" : 
			{
				"x" : 0.0,
				"y" : 0.0,
				"z" : 0.0
			},
			"ChangeTime" : 0.2,
			"Color" : 
			{
				"w" : 1.0,
				"x" : 0.81862747669219971,
				"y" : 1.0,
				"z" : 0.95732408761978149
			},
			"Duration" : 
			{
				"x" : 0.0,
				"y" : 0.3
			},
			"EffectType" : 2,
			"EndScale" : 
			{
				"x" : 15.0,
				"y" : 15.0,
				"z" : 15.0
			},
			"LerpColor" : 
			{
				"w" : 1.0,
				"x" : 0.42647057771682739,
				"y" : 1.0,
				"z" : 0.91565734148025513
			},
			"Loop" : 
			{
				"EffectLoop" : false,
				"UVLoop" : false
			},
			"Mask" : 
			{
				"Speed" : 2.0,
				"TexKey" : "Mesh(334)",
				"Using" : true,
				"x" : 0.0,
				"y" : 1.0
			},
			"MeshKey" : "Ring",
			"MiddleScale" : 
			{
				"x" : 4.0,
				"y" : 4.0,
				"z" : 4.0
			},
			"Noise" : 
			{
				"Speed" : 0.0,
				"TexKey" : "flow_67",
				"Using" : false,
				"x" : 0.0,
				"y" : 0.0
			},
			"Rotation" : 
			{
				"x" : 0.0,
				"y" : 0.0,
				"z" : 0.0
			},
			"StartScale" : 
			{
				"x" : 0.40000000596046448,
				"y" : 0.40000000596046448,
				"z" : 0.40000000596046448
			}
		}
	},
	"Preset Info" : 
	{
		"Duration" : 1.5,
		"Loop" : false
	}
}