{
	"Elements" : 
	{
		"HeavyWind" : 
		{
			"Center" : 
			{
				"x" : 0.60000002384185791,
				"y" : 1.2999999523162842,
				"z" : 0.0
			},
			"ChangeTime" : 0.69999998807907104,
			"Color" : 
			{
				"w" : 1.0,
				"x" : 0.81862747669219971,
				"y" : 1.0,
				"z" : 0.95732408761978149
			},
			"Duration" : 
			{
				"x" : 0.4,
				"y" : 1.0
			},
			"EffectType" : 2,
			"EndScale" : 
			{
				"x" : 1.2999999523162842,
				"y" : 1.2999999523162842,
				"z" : 1.2999999523162842
			},
			"LerpColor" : 
			{
				"w" : 1.0,
				"x" : 0.42647057771682739,
				"y" : 1.0,
				"z" : 0.91565734148025513
			},
			"Loop" : 
			{
				"EffectLoop" : false,
				"UVLoop" : false
			},
			"Mask" : 
			{
				"Speed" : 2.0,
				"TexKey" : "T_Blade_Moving01",
				"Using" : true,
				"x" : -1.0,
				"y" : 0.0
			},
			"MeshKey" : "Tornado_Sub",
			"MiddleScale" : 
			{
				"x" : 1.2999999523162842,
				"y" : 1.2999999523162842,
				"z" : 1.2999999523162842
			},
			"Noise" : 
			{
				"Speed" : 0.0,
				"TexKey" : "flow_00",
				"Using" : false,
				"x" : 0.0,
				"y" : 0.0
			},
			"Rotation" : 
			{
				"x" : 0.0,
				"y" : 0.0,
				"z" : 90.0
			},
			"StartScale" : 
			{
				"x" : 1.2999999523162842,
				"y" : 1.2999999523162842,
				"z" : 1.2999999523162842
			}
		}
	},
	"Preset Info" : 
	{
		"Duration" : 1.3,
		"Loop" : false
	}
}