{
	"Elements" : 
	{
		"HitAura" : 
		{
			"Center" : 
			{
				"x" : 0.0,
				"y" : 0.20000000298023224,
				"z" : -0.11999999731779099
			},
			"ChangeTime" : 0.10000000149011612,
			"Color" : 
			{
				"w" : 1.0,
				"x" : 1.0,
				"y" : 0.67099189758300781,
				"z" : 0.20098036527633667
			},
			"Duration" : 
			{
				"x" : 0.0,
				"y" : 0.20000000298023224
			},
			"EffectType" : 2,
			"EndScale" : 
			{
				"x" : 3.0,
				"y" : 3.0,
				"z" : 3.0
			},
			"LerpColor" : 
			{
				"w" : 1.0,
				"x" : 1.0,
				"y" : 0.92228949069976807,
				"z" : 0.7598038911819458
			},
			"Loop" : 
			{
				"EffectLoop" : false,
				"UVLoop" : false
			},
			"Mask" : 
			{
				"Speed" : 3.0,
				"TexKey" : "T_St3_Lightning_Tile_00",
				"Using" : true,
				"x" : 0.0,
				"y" : 1.0
			},
			"MeshKey" : "helfBallGround",
			"MiddleScale" : 
			{
				"x" : 1.0,
				"y" : 1.0,
				"z" : 1.0
			},
			"Noise" : 
			{
				"Speed" : 1.0,
				"TexKey" : "flow_00",
				"Using" : true,
				"x" : 1.0,
				"y" : 0.0
			},
			"Rotation" : 
			{
				"x" : 90.0,
				"y" : 0.0,
				"z" : 0.0
			},
			"StartScale" : 
			{
				"x" : 0.10000000149011612,
				"y" : 0.10000000149011612,
				"z" : 0.10000000149011612
			}
		},
		"HitMark" : 
		{
			"Center" : 
			{
				"x" : 0.0,
				"y" : 0.20000000298023224,
				"z" : 0.1
			},
			"ChangeTime" : 0.10000000149011612,
			"Color" : 
			{
				"w" : 1.0,
				"x" : 1.0,
				"y" : 0.63667815923690796,
				"z" : 0.11764705181121826
			},
			"Duration" : 
			{
				"x" : 0.0,
				"y" : 0.20000000298023224
			},
			"EffectType" : 2,
			"EndScale" : 
			{
				"x" : 0.10000000149011612,
				"y" : 0.10000000149011612,
				"z" : 0.10000000149011612
			},
			"LerpColor" : 
			{
				"w" : 1.0,
				"x" : 1.0,
				"y" : 0.97693192958831787,
				"z" : 0.90196079015731812
			},
			"Loop" : 
			{
				"EffectLoop" : false,
				"UVLoop" : false
			},
			"Mask" : 
			{
				"Speed" : 0.0,
				"TexKey" : "hit_mark_shape",
				"Using" : true,
				"x" : 0.0,
				"y" : 0.0
			},
			"MeshKey" : "Plane",
			"MiddleScale" : 
			{
				"x" : 1.0,
				"y" : 1.0,
				"z" : 1.0
			},
			"Noise" : 
			{
				"Speed" : 0.0,
				"TexKey" : "flow_00",
				"Using" : false,
				"x" : 0.0,
				"y" : 0.0
			},
			"Rotation" : 
			{
				"x" : 90.0,
				"y" : 0.0,
				"z" : 0.0
			},
			"StartScale" : 
			{
				"x" : 3.0,
				"y" : 3.0,
				"z" : 3.0
			}
		},
		"HitMark2" : 
		{
			"Center" : 
			{
				"x" : 0.0,
				"y" : 0.20000000298023224,
				"z" : 0.0
			},
			"ChangeTime" : 0.10000000149011612,
			"Color" : 
			{
				"w" : 1.0,
				"x" : 0.0,
				"y" : 0.0,
				"z" : 0.0
			},
			"Duration" : 
			{
				"x" : 0.0,
				"y" : 0.25
			},
			"EffectType" : 2,
			"EndScale" : 
			{
				"x" : 0.30000001192092896,
				"y" : 0.30000001192092896,
				"z" : 0.30000001192092896
			},
			"LerpColor" : 
			{
				"w" : 1.0,
				"x" : 0.0,
				"y" : 0.0,
				"z" : 0.0
			},
			"Loop" : 
			{
				"EffectLoop" : false,
				"UVLoop" : false
			},
			"Mask" : 
			{
				"Speed" : 0.0,
				"TexKey" : "hit_mark_shape",
				"Using" : true,
				"x" : 0.0,
				"y" : 0.0
			},
			"MeshKey" : "Plane",
			"MiddleScale" : 
			{
				"x" : 2.0,
				"y" : 2.0,
				"z" : 2.0
			},
			"Noise" : 
			{
				"Speed" : 0.0,
				"TexKey" : "flow_00",
				"Using" : false,
				"x" : 0.0,
				"y" : 0.0
			},
			"Rotation" : 
			{
				"x" : 90.0,
				"y" : 0.0,
				"z" : 0.0
			},
			"StartScale" : 
			{
				"x" : 4.0,
				"y" : 4.0,
				"z" : 4.0
			}
		}
	},
	"Preset Info" : 
	{
		"Duration" : 2.0,
		"Loop" : false
	}
}