{
	"Elements": {
		"WindBalll": {
			"Center": {
				"x": 0.0,
				"y": 0.50000000298023224,
				"z": 1.6999999761581421
			},
			"ChangeTime": 2.0999999046325684,
			"Color": {
				"w": 1.0,
				"x": 0.0,
				"y": 0.0,
				"z": 0.0
			},
			"Duration": {
				"x": 2.0,
				"y": 2.4000000953674316
			},
			"EffectType": 2,
			"EndScale": {
				"x": 0.60000001192092896,
				"y": 0.60000001192092896,
				"z": 0.60000001192092896
			},
			"LerpColor": {
				"w": 1.0,
				"x": 0.03,
				"y": 0.63,
				"z": 0.53
			},
			"Loop": {
				"EffectLoop": false,
				"UVLoop": true
			},
			"Mask": {
				"Speed": 2.0,
				"TexKey": "T_128White",
				"Using": true,
				"x": 0.0,
				"y": 1.0
			},
			"MeshKey": "ball",
			"MiddleScale": {
				"x": 0.49999998807907104,
				"y": 0.49999998807907104,
				"z": 0.49999998807907104
			},
			"Noise": {
				"Speed": 1.0,
				"TexKey": "flow_00",
				"Using": false,
				"x": 1.0,
				"y": 0.0
			},
			"Rotation": {
				"x": 0.0,
				"y": 0.0,
				"z": 0.0
			},
			"StartScale": {
				"x": 0.35000002384185791,
				"y": 0.35000002384185791,
				"z": 0.35000002384185791
			}
		},
		"Ground1": {
			"Axis": {
				"x": 0.0,
				"y": 1.0,
				"z": 0.0
			},
			"Center": {
				"x": 0.0,
				"y": 0.02199999988079071,
				"z": 0.0
			},
			"Color": {
				"w": 1.0,
				"x": 0.94607841968536377,
				"y": 0.80694925785064697,
				"z": 0.0
			},
			"Duration": {
				"x": 0.0,
				"y": 0.5
			},
			"EffectType": 1,
			"EndScale": {
				"x": 0.5,
				"y": 0.5
			},
			"Loop": {
				"Loop": false
			},
			"MiddleScale": {
				"x": 2.5,
				"y": 2.5
			},
			"Rotation": {
				"x": 90.0,
				"y": 0.0,
				"z": 0.0
			},
			"ScaleChageTime": 0.19999998807907104,
			"Speed": 3.0,
			"StartScale": {
				"x": 0.3,
				"y": 0.3
			},
			"TextureKey": "T_GroundShape02"
		},
		"Ground2": {
			"Axis": {
				"x": 0.0,
				"y": 1.0,
				"z": 0.0
			},
			"Center": {
				"x": 0.0,
				"y": 0.019999999552965164,
				"z": 0.0
			},
			"Color": {
				"w": 1.0,
				"x": 1.0,
				"y": 1.0,
				"z": 1.0
			},
			"Duration": {
				"x": 0.0,
				"y": 0.5
			},
			"EffectType": 1,
			"EndScale": {
				"x": 0.5,
				"y": 0.5
			},
			"Loop": {
				"Loop": false
			},
			"MiddleScale": {
				"x": 2.5,
				"y": 2.5
			},
			"Rotation": {
				"x": 90.0,
				"y": 0.0,
				"z": 0.0
			},
			"ScaleChageTime": 0.19999998807907104,
			"Speed": 3.0,
			"StartScale": {
				"x": 0.3,
				"y": 0.3
			},
			"TextureKey": "T_GroundShape05"
		},
		"WindRing": {
			"Center": {
				"x": 0.0,
				"y": 0.70000001192092896,
				"z": 0.0
			},
			"Rotation": {
				"x": 0.0,
				"y": 0.0,
				"z": 0.0
			},
			"ChangeTime": 0.19999998807907104,
			"Color": {
				"w": 1.0,
				"x": 0.94607841968536377,
				"y": 0.80694925785064697,
				"z": 0.0
			},
			"Duration": {
				"x": 0.0,
				"y": 0.5
			},
			"EffectType": 2,
			"EndScale": {
				"x": 1.0,
				"y": 1.0,
				"z": 1.0
			},
			"LerpColor": {
				"w": 1.0,
				"x": 0.94607841968536377,
				"y": 0.80694925785064697,
				"z": 0.0
			},
			"Loop": {
				"EffectLoop": false,
				"UVLoop": true
			},
			"Mask": {
				"Speed": 2.0,
				"TexKey": "Mesh(334)",
				"Using": true,
				"x": 1.0,
				"y": 0.0
			},
			"MeshKey": "Wind2",
			"MiddleScale": {
				"x": 45.0,
				"y": 45.0,
				"z": 45.0
			},
			"Noise": {
				"Speed": 1.0,
				"TexKey": "T_GPBAR_Swirly_Noise",
				"Using": false,
				"x": 1.0,
				"y": 0.0
			},
			"StartScale": {
				"x": 20.0,
				"y": 20.0,
				"z": 20.0
			}
		},
		"GroundWind": {
			"Center": {
				"x": 0.0,
				"y": 0.20000000298023224,
				"z": 1.2000000476837158
			},
			"ChangeTime": 2.2000000476837158,
			"Color": {
				"w": 1.0,
				"x": 1.0,
				"y": 1.0,
				"z": 1.0
			},
			"Duration": {
				"x": 2.0,
				"y": 2.4000000953674316
			},
			"EffectType": 2,
			"EndScale": {
				"x": 10.0,
				"y": 3.0,
				"z": 10.0
			},
			"LerpColor": {
				"w": 1.0,
				"x": 1.0,
				"y": 1.0,
				"z": 1.0
			},
			"Loop": {
				"EffectLoop": false,
				"UVLoop": false
			},
			"Mask": {
				"Speed": 1.0,
				"TexKey": "T_GPP_Wind_Stripe_A",
				"Using": true,
				"x": 0.0,
				"y": 1.0
			},
			"MeshKey": "helfBallGround",
			"MiddleScale": {
				"x": 2.0,
				"y": 2.0,
				"z": 2.0
			},
			"Noise": {
				"Speed": 1.0,
				"TexKey": "T_St3_Cloud_Tile_00",
				"Using": true,
				"x": 1.0,
				"y": 0.0
			},
			"Rotation": {
				"x": 0.0,
				"y": 0.0,
				"z": 0.0
			},
			"StartScale": {
				"x": 1.0,
				"y": 1.0,
				"z": 1.0
			}
		},
		"GroundWind2": {
			"Center": {
				"x": 0.0,
				"y": 0.10000000149011612,
				"z": 1.8999999761581421
			},
			"ChangeTime": 2.0999999046325684,
			"Color": {
				"w": 1.0,
				"x": 0.50754517316818237,
				"y": 0.87745100259780884,
				"z": 0.83393263816833496
			},
			"Duration": {
				"x": 2.0,
				"y": 2.4000000953674316
			},
			"EffectType": 2,
			"EndScale": {
				"x": 2.0,
				"y": 2.0,
				"z": 2.0
			},
			"LerpColor": {
				"w": 1.0,
				"x": 0.50754517316818237,
				"y": 0.87745100259780884,
				"z": 0.83393263816833496
			},
			"Loop": {
				"EffectLoop": false,
				"UVLoop": false
			},
			"Mask": {
				"Speed": 3.0,
				"TexKey": "T_Smoke_Tile_00",
				"Using": true,
				"x": 0.0,
				"y": 1.0
			},
			"MeshKey": "Torus",
			"MiddleScale": {
				"x": 1.0,
				"y": 1.0,
				"z": 1.0
			},
			"Noise": {
				"Speed": 1.0,
				"TexKey": "T_Fire_Tile_00",
				"Using": true,
				"x": 1.0,
				"y": 0.0
			},
			"Rotation": {
				"x": 0.0,
				"y": 0.0,
				"z": 0.0
			},
			"StartScale": {
				"x": 0.80000001192092896,
				"y": 0.80000001192092896,
				"z": 0.80000001192092896
			}
		},
		"Tornado": {
			"Center": {
				"x": 0.0,
				"y": 0.0,
				"z": 1.8999999761581421
			},
			"ChangeTime": 2.0999999046325684,
			"Color": {
				"w": 0.6,
				"x": 0.90196079015731812,
				"y": 1.0,
				"z": 0.97116494178771973
			},
			"Duration": {
				"x": 2.0,
				"y": 2.4000000953674316
			},
			"EffectType": 2,
			"EndScale": {
				"x": 1.0,
				"y": 1.0499999523162842,
				"z": 1.1000000238418579
			},
			"LerpColor": {
				"w": 0.6,
				"x": 0.66196079015731812,
				"y": 1.0,
				"z": 0.94116494178771973
			},
			"Loop": {
				"EffectLoop": false,
				"UVLoop": true
			},
			"Mask": {
				"Speed": 2.0,
				"TexKey": "T_Storm_Mask_04",
				"Using": true,
				"x": 1.0,
				"y": 1.0
			},
			"MeshKey": "Tornado",
			"MiddleScale": {
				"x": 1.0,
				"y": 1.0,
				"z": 1.0
			},
			"Noise": {
				"Speed": 1.0,
				"TexKey": "T_GPS_Swirly_Noise",
				"Using": true,
				"x": 1.0,
				"y": 0.0
			},
			"Rotation": {
				"x": 0.0,
				"y": 0.0,
				"z": 0.0
			},
			"StartScale": {
				"x": 0.80000001192092896,
				"y": 0.80000001192092896,
				"z": 0.80000001192092896
			}
		},
		"Tornado2": {
			"Center": {
				"x": 0.0,
				"y": 0.0,
				"z": 1.8999999761581421
			},
			"ChangeTime": 2.0999999046325684,
			"Color": {
				"w": 1.0,
				"x": 0.9885812282562256,
				"y": 1.0,
				"z": 0.64705884456634521
			},
			"Duration": {
				"x": 2.0,
				"y": 2.4000000953674316
			},
			"EffectType": 2,
			"EndScale": {
				"x": 1.1000000238418579,
				"y": 1.1499999761581421,
				"z": 1.2000000476837158
			},
			"LerpColor": {
				"w": 1.0,
				"x": 0.25885812282562256,
				"y": 0.92,
				"z": 0.83705884456634521
			},
			"Loop": {
				"EffectLoop": false,
				"UVLoop": true
			},
			"Mask": {
				"Speed": 3.0,
				"TexKey": "T_GPP_Flame_A",
				"Using": true,
				"x": -1.0,
				"y": 0.0
			},
			"MeshKey": "Tornado",
			"MiddleScale": {
				"x": 1.1000000238418579,
				"y": 1.1000000238418579,
				"z": 1.1000000238418579
			},
			"Noise": {
				"Speed": 1.0,
				"TexKey": "T_Wave_Tile_00",
				"Using": true,
				"x": 1.0,
				"y": 0.0
			},
			"Rotation": {
				"x": 0.0,
				"y": 0.0,
				"z": 0.0
			},
			"StartScale": {
				"x": 0.89999997615814209,
				"y": 0.89999997615814209,
				"z": 0.89999997615814209
			}
		},
		"TornadoSideWind": {
			"Center": {
				"x": 0.0,
				"y": 0.0,
				"z": 1.8999999761581421
			},
			"ChangeTime": 2.0999999046325684,
			"Color": {
				"w": 1.0,