{
	"Elements": {
		"ExploreParticle2": {
			"Center": {
				"x": 0.20000000298023224,
				"y": 0.10000000149011612,
				"z": 7.0
			},
			"Color": {
				"x": 1.0,
				"y": 0.88985008001327515,
				"z": 0.063725471496582031
			},
			"DirectMax": {
				"x": 0.49999998807907104,
				"y": 1.0,
				"z": 0.49999998807907104
			},
			"DirectMin": {
				"x": -0.49999998807907104,
				"y": 0.0,
				"z": -0.49999998807907104
			},
			"Duration": {
				"x": 0.0,
				"y": 1.5
			},
			"EffectType": 0,
			"InstanceNum": 100,
			"LifeTime": {
				"x": 0.7,
				"y": 1.3
			},
			"Size": {
				"x": 0.040000000074505806,
				"y": 0.080000000149011612
			},
			"Speed": {
				"x": 3.0,
				"y": 16.0
			},
			"StartPointMax": {
				"x": 4.0,
				"y": 2.0,
				"z": 4.0
			},
			"StartPointMin": {
				"x": -4.0,
				"y": -1.0,
				"z": -4.0
			},
			"TextureKey": "T_dust_Small"
		}
	},
		"Preset Info": {
			"Duration": 1.5,
			"Loop": false
		}
	}