{
	"Elements": {
		"WindParticle": {
			"Center": {
				"x": 0.0,
				"y": 0.0,
				"z": 0.0
			},
			"Color": {
				"x": 1.0,
				"y": 0.87629759311676025,
				"z": 0.29901963472366333
			},
			"DirectMax": {
				"x": 0.30000001192092896,
				"y": 1.0,
				"z": 0.30000001192092896
			},
			"DirectMin": {
				"x": -0.30000001192092896,
				"y": 0.0,
				"z": -0.30000001192092896
			},
			"Duration": {
				"x": 0.5,
				"y": 1.01999999731779099
			},
			"EffectType": 0,
			"InstanceNum": 100,
			"LifeTime": {
				"x": 0.0,
				"y": 3.0
			},
			"Size": {
				"x": 0.07,
				"y": 0.1
			},
			"Speed": {
				"x": 5.0,
				"y": 10.0
			},
			"StartPointMax": {
				"x": 0.50000000298023224,
				"y": 0.50000000149011612,
				"z": 0.50000000298023224
			},
			"StartPointMin": {
				"x": -0.50000000298023224,
				"y": 0.3,
				"z": -0.50000000298023224
			},
			"TextureKey": "T_Flare_00"
		},
		"WindRing1": {
			"Center": {
				"x": 0.0,
				"y": 0.90000001192092896,
				"z": 0.0
			},
			"ChangeTime": 2.0000000476837158,
			"Color": {
				"w": 1.0,
				"x": 1.0,
				"y": 1.0,
				"z": 0.89215683937072754
			},
			"Duration": {
				"x": 0.0,
				"y": 2.2000000953674316
			},
			"EffectType": 2,
			"EndScale": {
				"x": 3.0,
				"y": 3.0,
				"z": 3.0
			},
			"LerpColor": {
				"w": 1.0,
				"x": 1.0,
				"y": 0.9031141996383667,
				"z": 0.17647057771682739
			},
			"Loop": {
				"EffectLoop": false,
				"UVLoop": true
			},
			"Mask": {
				"Speed": 2.0,
				"TexKey": "Mesh(334)",
				"Using": true,
				"x": 1.0,
				"y": 0.0
			},
			"MeshKey": "Ring",
			"MiddleScale": {
				"x": 2.0,
				"y": 2.0,
				"z": 2.0
			},
			"Noise": {
				"Speed": 0.0,
				"TexKey": "T_Tile_Noise_Tendril_01",
				"Using": false,
				"x": 0.0,
				"y": 0.0
			},
			"Rotation": {
				"x": 180.0,
				"y": 0.0,
				"z": 0.0
			},
			"StartScale": {
				"x": 2.0,
				"y": 2.0,
				"z": 2.0
			}
		},
		"WindRing2": {
			"Center": {
				"x": 0.0,
				"y": 0.80000001192092896,
				"z": 0.0
			},
			"ChangeTime": 2.0,
			"Color": {
				"w": 1.0,
				"x": 1.0,
				"y": 1.0,
				"z": 0.81372547149658203
			},
			"Duration": {
				"x": 0.0,
				"y": 2.4000000953674316
			},
			"EffectType": 2,
			"EndScale": {
				"x": 1.0,
				"y": 0.79999998807907104,
				"z": 1.0
			},
			"LerpColor": {
				"w": 1.0,
				"x": 1.0,
				"y": 0.97678780555725098,
				"z": 0.21078431606292725
			},
			"Loop": {
				"EffectLoop": false,
				"UVLoop": true
			},
			"Mask": {
				"Speed": 2.0,
				"TexKey": "T_GPP_Electric_Light_A",
				"Using": true,
				"x": 0.0,
				"y": -1.0
			},
			"MeshKey": "helfBall",
			"MiddleScale": {
				"x": 1.0,
				"y": 0.79999998807907104,
				"z": 1.0
			},
			"Noise": {
				"Speed": 0.0,
				"TexKey": "flow_70",
				"Using": true,
				"x": 0.0,
				"y": 0.0
			},
			"Rotation": {
				"x": 180.0,
				"y": 0.0,
				"z": 0.0
			},
			"StartScale": {
				"x": 1.0,
				"y": 0.79999998807907104,
				"z": 1.0
			}
		},

		"Doom": {
			"Center": {
				"x": 0.0,
				"y": 0.10000000149011612,
				"z": 5.0
			},
			"ChangeTime": 4.0,
			"Color": {
				"w": 1.0,
				"x": 1.0,
				"y": 0.97549021244049072,
				"z": 0.83333331346511841
			},
			"Duration": {
				"x": 2.6999999046325684,
				"y": 4.8000001907348633
			},
			"EffectType": 2,
			"EndScale": {
				"x": 10.0,
				"y": 10.0,
				"z": 10.0
			},
			"LerpColor": {
				"w": 1.0,
				"x": 1.0,
				"y": 0.93598616123199463,
				"z": 0.45588237047195435
			},
			"Loop": {
				"EffectLoop": false,
				"UVLoop": true
			},
			"Mask": {
				"Speed": 4.0,
				"TexKey": "T_GPP_Wind_Stripe_A",
				"Using": true,
				"x": 1.0,
				"y": 0.0
			},
			"MeshKey": "helfBallGround",
			"MiddleScale": {
				"x": 10.0,
				"y": 10.0,
				"z": 10.0
			},
			"Noise": {
				"Speed": 0.0,
				"TexKey": "flow_67",
				"Using": true,
				"x": 0.0,
				"y": 0.0
			},
			"Rotation": {
				"x": 0.0,
				"y": 0.0,
				"z": 0.0
			},
			"StartScale": {
				"x": 10.0,
				"y": 10.0,
				"z": 10.0
			}
		},
		"ParticleGlow": {
			"Center": {
				"x": 0.0,
				"y": 0.0,
				"z": 5.0
			},
			"Color": {
				"x": 1.0,
				"y": 0.93944650888442993,
				"z": 0.58823525905609131
			},
			"DirectMax": {
				"x": 0.40000000596046448,
				"y": 1.0,
				"z": 0.40000000596046448
			},
			"DirectMin": {
				"x": -0.40000000596046448,
				"y": 0.0,
				"z": -0.40000000596046448
			},
			"Duration": {
				"x": 2.5999999046325684,
				"y": 4.0
			},
			"EffectType": 0,
			"InstanceNum": 100,
			"LifeTime": {
				"x": 0.80000001192092896,
				"y": 1.3999999761581421
			},
			"Size": {
				"x": 0.0099999997764825821,
				"y": 0.10000000149011612
			},
			"Speed": {
				"x": 5.0,
				"y": 15.0
			},
			"StartPointMax": {
				"x": 0.5,
				"y": 0.20000000298023224,
				"z": 0.5
			},
			"StartPointMin": {
				"x": -0.5,
				"y": 0.0,
				"z": -0.5
			},
			"TextureKey": "T_dust_Small"
		},
		"Wind1": {
			"Center": {
				"x": 0.0,
				"y": 0.10000000149011612,
				"z": 5.0
			},
			"ChangeTime": 4.0,
			"Color": {
				"w": 1.0,
				"x": 1.0,
				"y": 0.93151676654815674,
				"z": 0.53431373834609985
			},
			"Duration": {
				"x": 2.7999999523162842,
				"y": 4.8000001907348633
			},
			"EffectType": 2,
			"EndScale": {
				"x": 10.0,
				"y": 10.0,
				"z": 10.0
			},
			"LerpColor": {
				"w": 1.0,
				"x": 1.0,
				"y": 0.93656289577484131,
				"z": 0.46078431606292725
			},
			"Loop": {
				"EffectLoop": false,
				"UVLoop": true
			},
			"Mask": {
				"Speed": 4.0,
				"TexKey": "T_St3_Land_Wind_00",
				"Using": true,
				"x": 1.0,
				"y": 0.0
			},
			"MeshKey": "Tornado_Sub",
			"MiddleScale": {
				"x": 10.0,
				"y": 10.0,
				"z": 10.0
			},
			"Noise": {
				"Speed": 0.0,
				"TexKey": "T_GPBAR_Swirly_Noise",
				"Using": true,
				"x": 0.0,
				"y": 0.0
			},
			"Rotation": {
				"x": 0.0,
				"y": 0.0,
				"z": 0.0
			},
			"StartScale": {
				"x": 10.0,
				"y": 10.0,
				"z": 10.0
			}
		},
		"Wind2": {
			"Center": {
				"x": 0.0,
				"y": 0.10000000149011612,
				"z": 5.0
			},
			"ChangeTime": 4.0,
			"Color": {
				"w": 1.0,
				"x": 1.0,
				"y": 0.9488179087638855,
				"z": 0.65196079015731812
			},
			"Duration": {
				"x": 2.7999999523162842,
				"y": 4.8000001907348633
			},
			"EffectType": 2,
			"EndScale": {
				"x": 11.0,
				"y": 8.0,
				"z": 11.0
			},
			"LerpColor": {
				"w": 1.0,
				"x": 1.0,
				"y": 0.95790088176727295,
				"z": 0.64215683937072754
			},
			"Loop": {
				"EffectLoop": false,
				"UVLoop": true
			},
			"Mask": {
				"Speed": 4.0,
				"TexKey": "Mesh(334)",
				"Using": true,
				"x": 1.0,
				"y": 0.0
			},
			"MeshKey": "Ring",
			"MiddleScale": {
				"x": 8.0,
				"y": 8.0,
				"z": 8.0
			},
			"Noise": {
				"Speed": 0.0,
				"TexKey": "flow_67",
				"Using": true,
				"x": 0.0,
				"y": 0.0
			},
			"Rotation": {
				"x": 0.0,
				"y": 0.0,
				"z": 0.0
			},
			"StartScale": {
				"x": 8.0,
				"y": 8.0,
				"z": 8.0
			}
		},
		"Wind3": {
			"Center": {
				"x": 0.0,
				"y": 1.3999999761581421,
				"z": 5.0
			},
			"ChangeTime": 4.0,
			"Color": {
				"w": 1.0,
				"x": 1.0,
				"y": 0.9488179087638855,
				"z": 0.65196079015731812
			},
			"Duration": {
				"x": 2.7999999523162842,
				"y": 4.8000001907348633
			},
			"EffectType": 2,
			"EndScale": {
				"x": 10.0,
				"y": 10.0,
				"z": 10.0
			},
			"LerpColor": {
				"w": 1.0,
				"x": 1.0,
				"y": 0.95790088176727295,
				"z": 0.64215683937072754
			},
			"Loop": {
				"EffectLoop": false,
				"UVLoop": true
			},
			"Mask": {
				"Speed": 4.0,
				"TexKey": "Mesh(334)",
				"Using": true,
				"x": 1.0,
				"y": 0.0
			},
			"MeshKey": "Ring",
			"MiddleScale": {
				"x": 10.0,
				"y": 10.0,
				"z": 10.0
			},
			"Noise": {
				"Speed": 0.0,
				"TexKey": "flow_67",
				"Using": true,
				"x": 0.0,
				"y": 0.0
			},
			"Rotation": {
				"x": 0.0,
				"y": 0.0,
				"z": 0.0
			},
			"StartScale": {
				"x": 10.0,
				"y": 10.0,
				"z": 10.0
			}
		}
	},
	"Preset Info" : 
	{
		"Duration" : 8.0,
		"Loop" : false
	}
}