{
	"Elements": {
		"Dome": {
			"Center": {
				"x": 0.0,
				"y": 0.0,
				"z": 7.0
			},
			"ChangeTime": 2.4000000953674316,
			"Color": {
				"w": 0.60000002384185791,
				"x": 1.0,
				"y": 0.96078431606292725,
				"z": 0.55294120311737061
			},
			"Duration": {
				"x": 2.2999999523162842,
				"y": 2.5
			},
			"EffectType": 2,
			"EndScale": {
				"x": 6.0,
				"y": 6.0,
				"z": 6.0
			},
			"LerpColor": {
				"w": 0.68627452850341797,
				"x": 0.97254902124404907,
				"y": 0.98823529481887817,
				"z": 1.0
			},
			"Loop": {
				"EffectLoop": false,
				"UVLoop": true
			},
			"Mask": {
				"Speed": 3.0,
				"TexKey": "T_Fire_Tile_00",
				"Using": true,
				"x": 0.0,
				"y": -1.0
			},
			"MeshKey": "helfBall",
			"MiddleScale": {
				"x": 3.5,
				"y": 3.5,
				"z": 3.5
			},
			"Noise": {
				"Speed": 2.0,
				"TexKey": "T_GPBAR_Plasma_A",
				"Using": true,
				"x": 0.0,
				"y": 0.0
			},
			"Rotation": {
				"x": 0.0,
				"y": 0.0,
				"z": 0.0
			},
			"StartScale": {
				"x": 3.0,
				"y": 3.0,
				"z": 3.0
			}
		},
		"Dome2": {
			"Center": {
				"x": 0.0,
				"y": 0.0,
				"z": 7.0
			},
			"ChangeTime": 2.5999999046325684,
			"Color": {
				"w": 0.60000002384185791,
				"x": 1.0,
				"y": 0.96078431606292725,
				"z": 0.55294120311737061
			},
			"Duration": {
				"x": 2.5,
				"y": 2.7000000476837158
			},
			"EffectType": 2,
			"EndScale": {
				"x": 4.0,
				"y": 4.0,
				"z": 4.0
			},
			"LerpColor": {
				"w": 0.68627452850341797,
				"x": 0.97254902124404907,
				"y": 0.98823529481887817,
				"z": 1.0
			},
			"Loop": {
				"EffectLoop": false,
				"UVLoop": true
			},
			"Mask": {
				"Speed": 3.0,
				"TexKey": "T_Fire_Tile_00",
				"Using": true,
				"x": 0.0,
				"y": -1.0
			},
			"MeshKey": "helfBall",
			"MiddleScale": {
				"x": 3.5,
				"y": 3.5,
				"z": 3.5
			},
			"Noise": {
				"Speed": 2.0,
				"TexKey": "T_GPBAR_Plasma_A",
				"Using": true,
				"x": 0.0,
				"y": 0.0
			},
			"Rotation": {
				"x": 0.0,
				"y": 0.0,
				"z": 0.0
			},
			"StartScale": {
				"x": 3.0,
				"y": 3.0,
				"z": 3.0
			}
		},
		"Dome3": {
			"Center": {
				"x": 0.0,
				"y": 0.0,
				"z": 7.0
			},
			"ChangeTime": 2.7999999523162842,
			"Color": {
				"w": 0.60000002384185791,
				"x": 1.0,
				"y": 0.96078431606292725,
				"z": 0.55294120311737061
			},
			"Duration": {
				"x": 2.7000000476837158,
				"y": 2.9000000953674316
			},
			"EffectType": 2,
			"EndScale": {
				"x": 4.0,
				"y": 4.0,
				"z": 4.0
			},
			"LerpColor": {
				"w": 0.68627452850341797,
				"x": 0.97254902124404907,
				"y": 0.98823529481887817,
				"z": 1.0
			},
			"Loop": {
				"EffectLoop": false,
				"UVLoop": true
			},
			"Mask": {
				"Speed": 3.0,
				"TexKey": "T_Fire_Tile_00",
				"Using": true,
				"x": 0.0,
				"y": -1.0
			},
			"MeshKey": "helfBall",
			"MiddleScale": {
				"x": 3.5,
				"y": 3.5,
				"z": 3.5
			},
			"Noise": {
				"Speed": 2.0,
				"TexKey": "T_GPBAR_Plasma_A",
				"Using": true,
				"x": 0.0,
				"y": 0.0
			},
			"Rotation": {
				"x": 0.0,
				"y": 0.0,
				"z": 0.0
			},
			"StartScale": {
				"x": 3.0,
				"y": 3.0,
				"z": 3.0
			}
		},
		"Dome4": {
			"Center": {
				"x": 0.0,
				"y": 0.0,
				"z": 7.0
			},
			"ChangeTime": 3.0,
			"Color": {
				"w": 0.60000002384185791,
				"x": 1.0,
				"y": 0.96078431606292725,
				"z": 0.55294120311737061
			},
			"Duration": {
				"x": 2.9000000953674316,
				"y": 3.0999999046325684
			},
			"EffectType": 2,
			"EndScale": {
				"x": 4.0,
				"y": 4.0,
				"z": 4.0
			},
			"LerpColor": {
				"w": 0.68627452850341797,
				"x": 0.97254902124404907,
				"y": 0.98823529481887817,
				"z": 1.0
			},
			"Loop": {
				"EffectLoop": false,
				"UVLoop": true
			},
			"Mask": {
				"Speed": 3.0,
				"TexKey": "T_Fire_Tile_00",
				"Using": true,
				"x": 0.0,
				"y": -1.0
			},
			"MeshKey": "helfBall",
			"MiddleScale": {
				"x": 3.5,
				"y": 3.5,
				"z": 3.5
			},
			"Noise": {
				"Speed": 2.0,
				"TexKey": "T_GPBAR_Plasma_A",
				"Using": true,
				"x": 0.0,
				"y": 0.0
			},
			"Rotation": {
				"x": 0.0,
				"y": 0.0,
				"z": 0.0
			},
			"StartScale": {
				"x": 3.0,
				"y": 3.0,
				"z": 3.0
			}
		},
		"Dome5": {
			"Center": {
				"x": 0.0,
				"y": 0.0,
				"z": 7.0
			},
			"ChangeTime": 3.2000000476837158,
			"Color": {
				"w": 0.60000002384185791,
				"x": 1.0,
				"y": 0.96078431606292725,
				"z": 0.55294120311737061
			},
			"Duration": {
				"x": 3.0999999046325684,
				"y": 3.2999999523162842
			},
			"EffectType": 2,
			"EndScale": {
				"x": 4.0,
				"y": 4.0,
				"z": 4.0
			},
			"LerpColor": {
				"w": 0.68627452850341797,
				"x": 0.97254902124404907,
				"y": 0.98823529481887817,
				"z": 1.0
			},
			"Loop": {
				"EffectLoop": false,
				"UVLoop": true
			},
			"Mask": {
				"Speed": 3.0,
				"TexKey": "T_Fire_Tile_00",
				"Using": true,
				"x": 0.0,
				"y": -1.0
			},
			"MeshKey": "helfBall",
			"MiddleScale": {
				"x": 3.5,
				"y": 3.5,
				"z": 3.5
			},
			"Noise": {
				"Speed": 2.0,
				"TexKey": "T_GPBAR_Plasma_A",
				"Using": true,
				"x": 0.0,
				"y": 0.0
			},
			"Rotation": {
				"x": 0.0,
				"y": 0.0,
				"z": 0.0
			},
			"StartScale": {
				"x": 3.0,
				"y": 3.0,
				"z": 3.0
			}
		},
		"Dome6": {
			"Center": {
				"x": 0.0,
				"y": 0.0,
				"z": 7.0
			},
			"ChangeTime": 3.4000000953674316,
			"Color": {
				"w": 0.60000002384185791,
				"x": 1.0,
				"y": 0.96078431606292725,
				"z": 0.55294120311737061
			},
			"Duration": {
				"x": 3.2999999523162842,
				"y": 3.5
			},
			"EffectType": 2,
			"EndScale": {
				"x": 4.0,
				"y": 4.0,
				"z": 4.0
			},
			"LerpColor": {
				"w": 0.68627452850341797,
				"x": 0.97254902124404907,
				"y": 0.98823529481887817,
				"z": 1.0
			},
			"Loop": {
				"EffectLoop": false,
				"UVLoop": true
			},
			"Mask": {
				"Speed": 3.0,
				"TexKey": "T_Fire_Tile_00",
				"Using": true,
				"x": 0.0,
				"y": -1.0
			},
			"MeshKey": "helfBall",
			"MiddleScale": {
				"x": 3.5,
				"y": 3.5,
				"z": 3.5
			},
			"Noise": {
				"Speed": 2.0,
				"TexKey": "T_GPBAR_Plasma_A",
				"Using": true,
				"x": 0.0,
				"y": 0.0
			},
			"Rotation": {
				"x": 0.0,
				"y": 0.0,
				"z": 0.0
			},
			"StartScale": {
				"x": 3.0,
				"y": 3.0,
				"z": 3.0
			}
		},
		"Dome7": {
			"Center": {
				"x": 0.0,
				"y": 0.0,
				"z": 7.0
			},
			"ChangeTime": 3.5999999046325684,
			"Color": {
				"w": 0.60000002384185791,
				"x": 1.0,
				"y": 0.96078431606292725,
				"z": 0.55294120311737061
			},
			"Duration": {
				"x": 3.5,
				"y": 3.7000000476837158
			},
			"EffectType": 2,
			"EndScale": {
				"x": 4.0,
				"y": 4.0,
				"z": 4.0
			},
			"LerpColor": {
				"w": 0.68627452850341797,
				"x": 0.97254902124404907,
				"y": 0.98823529481887817,
				"z": 1.0
			},
			"Loop": {
				"EffectLoop": false,
				"UVLoop": true
			},
			"Mask": {
				"Speed": 3.0,
				"TexKey": "T_Fire_Tile_00",
				"Using": true,
				"x": 0.0,
				"y": -1.0
			},
			"MeshKey": "helfBall",
			"MiddleScale": {
				"x": 3.5,
				"y": 3.5,
				"z": 3.5
			},
			"Noise": {
				"Speed": 2.0,
				"TexKey": "T_GPBAR_Plasma_A",
				"Using": true,
				"x": 0.0,
				"y": 0.0
			},
			"Rotation": {
				"x": 0.0,
				"y": 0.0,
				"z": 0.0
			},
			"StartScale": {
				"x": 3.0,
				"y": 3.0,
				"z": 3.0
			}
		},
		"Dome8": {
			"Center": {
				"x": 0.0,
				"y": 0.0,
				"z": 7.0
			},
			"ChangeTime": 3.7299999523162842,
			"Color": {
				"w": 0.60000002384185791,
				"x": 1.0,
				"y": 0.96078431606292725,
				"z": 0.55294120311737061
			},
			"Duration": {
				"x": 3.7000000476837158,
				"y": 3.9000000953674316
			},
			"EffectType": 2,
			"EndScale": {
				"x": 8.0,
				"y": 8.0,
				"z": 8.0
			},
			"LerpColor": {
				"w": 0.68627452850341797,
				"x": 0.97254902124404907,
				"y": 0.98823529481887817,
				"z": 1.0
			},
			"Loop": {
				"EffectLoop": false,
				"UVLoop": true
			},
			"Mask": {
				"Speed": 3.0,
				"TexKey": "T_Fire_Tile_00",
				"Using": true,
				"x": 0.0,
				"y": -1.0
			},