{
	"Elements" : 
	{
		"Doom" : 
		{
			"Center" : 
			{
				"x" : 0.0,
				"y" : 0.10000000149011612,
				"z" : 5.0
			},
			"ChangeTime" : 4.0,
			"Color" : 
			{
				"w" : 1.0,
				"x" : 1.0,
				"y" : 0.97549021244049072,
				"z" : 0.83333331346511841
			},
			"Duration" : 
			{
				"x" : 2.5999999046325684,
				"y" : 4.8000001907348633
			},
			"EffectType" : 2,
			"EndScale" : 
			{
				"x" : 10.0,
				"y" : 10.0,
				"z" : 10.0
			},
			"LerpColor" : 
			{
				"w" : 1.0,
				"x" : 1.0,
				"y" : 0.93598616123199463,
				"z" : 0.45588237047195435
			},
			"Loop" : 
			{
				"EffectLoop" : false,
				"UVLoop" : true
			},
			"Mask" : 
			{
				"Speed" : 4.0,
				"TexKey" : "T_GPP_Wind_Stripe_A",
				"Using" : true,
				"x" : 1.0,
				"y" : 0.0
			},
			"MeshKey" : "helfBallGround",
			"MiddleScale" : 
			{
				"x" : 10.0,
				"y" : 10.0,
				"z" : 10.0
			},
			"Noise" : 
			{
				"Speed" : 0.0,
				"TexKey" : "flow_67",
				"Using" : true,
				"x" : 0.0,
				"y" : 0.0
			},
			"Rotation" : 
			{
				"x" : 0.0,
				"y" : 0.0,
				"z" : 0.0
			},
			"StartScale" : 
			{
				"x" : 10.0,
				"y" : 10.0,
				"z" : 10.0
			}
		},
		"ParticleGlow" : 
		{
			"Center" : 
			{
				"x" : 0.0,
				"y" : 0.0,
				"z" : 5.0
			},
			"Color" : 
			{
				"x" : 1.0,
				"y" : 0.93944650888442993,
				"z" : 0.58823525905609131
			},
			"DirectMax" : 
			{
				"x" : 0.40000000596046448,
				"y" : 1.0,
				"z" : 0.40000000596046448
			},
			"DirectMin" : 
			{
				"x" : -0.40000000596046448,
				"y" : 0.0,
				"z" : -0.40000000596046448
			},
			"Duration": {
				"x": 2.5999999046325684,
				"y": 4.0
			},
			"EffectType" : 0,
			"InstanceNum" : 100,
			"LifeTime": {
				"x": 0.80000001192092896,
				"y": 1.3999999761581421
			},
			"Size" : 
			{
				"x" : 0.0099999997764825821,
				"y" : 0.10000000149011612
			},
			"Speed" : 
			{
				"x" : 5.0,
				"y" : 15.0
			},
			"StartPointMax" : 
			{
				"x" : 0.5,
				"y" : 0.20000000298023224,
				"z" : 0.5
			},
			"StartPointMin" : 
			{
				"x" : -0.5,
				"y" : 0.0,
				"z" : -0.5
			},
			"TextureKey" : "T_dust_Small"
		},
		"Wind1" : 
		{
			"Center" : 
			{
				"x" : 0.0,
				"y" : 0.10000000149011612,
				"z" : 5.0
			},
			"ChangeTime" : 4.0,
			"Color" : 
			{
				"w" : 1.0,
				"x" : 1.0,
				"y" : 0.93151676654815674,
				"z" : 0.53431373834609985
			},
			"Duration" : 
			{
				"x" : 2.7999999523162842,
				"y" : 4.8000001907348633
			},
			"EffectType" : 2,
			"EndScale" : 
			{
				"x" : 10.0,
				"y" : 10.0,
				"z" : 10.0
			},
			"LerpColor" : 
			{
				"w" : 1.0,
				"x" : 1.0,
				"y" : 0.93656289577484131,
				"z" : 0.46078431606292725
			},
			"Loop" : 
			{
				"EffectLoop" : false,
				"UVLoop" : true
			},
			"Mask" : 
			{
				"Speed" : 4.0,
				"TexKey" : "T_St3_Land_Wind_00",
				"Using" : true,
				"x" : 1.0,
				"y" : 0.0
			},
			"MeshKey" : "Tornado_Sub",
			"MiddleScale" : 
			{
				"x" : 10.0,
				"y" : 10.0,
				"z" : 10.0
			},
			"Noise" : 
			{
				"Speed" : 0.0,
				"TexKey" : "T_GPBAR_Swirly_Noise",
				"Using" : true,
				"x" : 0.0,
				"y" : 0.0
			},
			"Rotation" : 
			{
				"x" : 0.0,
				"y" : 0.0,
				"z" : 0.0
			},
			"StartScale" : 
			{
				"x" : 10.0,
				"y" : 10.0,
				"z" : 10.0
			}
		},
		"Wind2" : 
		{
			"Center" : 
			{
				"x" : 0.0,
				"y" : 0.10000000149011612,
				"z" : 5.0
			},
			"ChangeTime" : 4.0,
			"Color" : 
			{
				"w" : 1.0,
				"x" : 1.0,
				"y" : 0.9488179087638855,
				"z" : 0.65196079015731812
			},
			"Duration" : 
			{
				"x" : 2.7999999523162842,
				"y" : 4.8000001907348633
			},
			"EffectType" : 2,
			"EndScale" : 
			{
				"x" : 11.0,
				"y" : 8.0,
				"z" : 11.0
			},
			"LerpColor" : 
			{
				"w" : 1.0,
				"x" : 1.0,
				"y" : 0.95790088176727295,
				"z" : 0.64215683937072754
			},
			"Loop" : 
			{
				"EffectLoop" : false,
				"UVLoop" : true
			},
			"Mask" : 
			{
				"Speed" : 4.0,
				"TexKey" : "Mesh(334)",
				"Using" : true,
				"x" : 1.0,
				"y" : 0.0
			},
			"MeshKey" : "Ring",
			"MiddleScale" : 
			{
				"x" : 8.0,
				"y" : 8.0,
				"z" : 8.0
			},
			"Noise" : 
			{
				"Speed" : 0.0,
				"TexKey" : "flow_67",
				"Using" : true,
				"x" : 0.0,
				"y" : 0.0
			},
			"Rotation" : 
			{
				"x" : 0.0,
				"y" : 0.0,
				"z" : 0.0
			},
			"StartScale" : 
			{
				"x" : 8.0,
				"y" : 8.0,
				"z" : 8.0
			}
		},
		"Wind3" : 
		{
			"Center" : 
			{
				"x" : 0.0,
				"y" : 1.3999999761581421,
				"z" : 5.0
			},
			"ChangeTime" : 4.0,
			"Color" : 
			{
				"w" : 1.0,
				"x" : 1.0,
				"y" : 0.9488179087638855,
				"z" : 0.65196079015731812
			},
			"Duration" : 
			{
				"x" : 2.7999999523162842,
				"y" : 4.8000001907348633
			},
			"EffectType" : 2,
			"EndScale" : 
			{
				"x" : 10.0,
				"y" : 10.0,
				"z" : 10.0
			},
			"LerpColor" : 
			{
				"w" : 1.0,
				"x" : 1.0,
				"y" : 0.95790088176727295,
				"z" : 0.64215683937072754
			},
			"Loop" : 
			{
				"EffectLoop" : false,
				"UVLoop" : true
			},
			"Mask" : 
			{
				"Speed" : 4.0,
				"TexKey" : "Mesh(334)",
				"Using" : true,
				"x" : 1.0,
				"y" : 0.0
			},
			"MeshKey" : "Ring",
			"MiddleScale" : 
			{
				"x" : 10.0,
				"y" : 10.0,
				"z" : 10.0
			},
			"Noise" : 
			{
				"Speed" : 0.0,
				"TexKey" : "flow_67",
				"Using" : true,
				"x" : 0.0,
				"y" : 0.0
			},
			"Rotation" : 
			{
				"x" : 0.0,
				"y" : 0.0,
				"z" : 0.0
			},
			"StartScale" : 
			{
				"x" : 10.0,
				"y" : 10.0,
				"z" : 10.0
			}
		}
	},
	"Preset Info" : 
	{
		"Duration" : 4.0,
		"Loop" : false
	}
}