{
	"Elements" : 
	{
		"LightBall" : 
		{
			"Center" : 
			{
				"x" : 0.0,
				"y" : 0.85000002384185791,
				"z" : 0.0
			},
			"ChangeTime" : 2.9000000953674316,
			"Color" : 
			{
				"w" : 1.0,
				"x" : 1.0,
				"y" : 0.97174161672592163,
				"z" : 0.7598038911819458
			},
			"Duration" : 
			{
				"x" : 2.7000000476837158,
				"y" : 3.0
			},
			"EffectType" : 2,
			"EndScale" : 
			{
				"x" : 5.0,
				"y" : 5.0,
				"z" : 5.0
			},
			"LerpColor" : 
			{
				"w" : 1.0,
				"x" : 1.0,
				"y" : 0.95271050930023193,
				"z" : 0.59803920984268188
			},
			"Loop" : 
			{
				"EffectLoop" : false,
				"UVLoop" : true
			},
			"Mask" : 
			{
				"Speed" : 2.0,
				"TexKey" : "T_128White",
				"Using" : true,
				"x" : 1.0,
				"y" : 0.0
			},
			"MeshKey" : "ball",
			"MiddleScale" : 
			{
				"x" : 1.5,
				"y" : 1.5,
				"z" : 1.5
			},
			"Noise" : 
			{
				"Speed" : 0.0,
				"TexKey" : "flow_67",
				"Using" : false,
				"x" : 0.0,
				"y" : 0.0
			},
			"Rotation" : 
			{
				"x" : 0.0,
				"y" : 0.0,
				"z" : 0.0
			},
			"StartScale" : 
			{
				"x" : 0.20000000298023224,
				"y" : 0.20000000298023224,
				"z" : 0.20000000298023224
			}
		},
		"TransBall" : 
		{
			"Center" : 
			{
				"x" : 0.25,
				"y" : 0.80000002384185791,
				"z" : 0.30000001192092896
			},
			"ChangeTime" : 1.10000001192092896,
			"Color" : 
			{
				"w" : 1.0,
				"x" : 1.0,
				"y" : 0.94232988357543945,
				"z" : 0.5098038911819458
			},
			"Duration" : 
			{
				"x" : 0.5,
				"y" : 1.7
			},
			"EffectType" : 2,
			"EndScale" : 
			{
				"x" : 0.03000000596046448,
				"y" : 0.03000000596046448,
				"z" : 0.03000000596046448
			},
			"LerpColor" : 
			{
				"w" : 1.0,
				"x" : 1.0,
				"y" : 0.91003459692001343,
				"z" : 0.23529410362243652
			},
			"Loop" : 
			{
				"EffectLoop" : false,
				"UVLoop" : true
			},
			"Mask" : 
			{
				"Speed" : 2.0,
				"TexKey" : "T_Fire_Tile_00",
				"Using" : true,
				"x" : 1.0,
				"y" : 0.0
			},
			"MeshKey" : "ball",
			"MiddleScale" : 
			{
				"x" : 0.129999998658895493,
				"y" : 0.129999998658895493,
				"z" : 0.129999998658895493
			},
			"Noise": {
				"Speed": 0.0,
				"TexKey": "T_Tile_Noise_Tendril_01",
				"Using": false,
				"x": 0.0,
				"y": 0.0
			},
			"Rotation" : 
			{
				"x" : 0.0,
				"y" : 0.0,
				"z" : 0.0
			},
			"StartScale" : 
			{
				"x" : 0.0099999997764825821,
				"y" : 0.0099999997764825821,
				"z" : 0.0099999997764825821
			}
		},
		"TransBallWind": {
			"Center": {
				"x": 0.25,
				"y": 0.85000002384185791,
				"z": 0.20000001192092896
			},
			"ChangeTime": 0.30000001192092896,
			"Color": {
				"w": 1.0,
				"x": 1.0,
				"y": 0.98039215803146362,
				"z": 0.83333331346511841
			},
			"Duration": {
				"x": 0.5,
				"y": 2.0
			},
			"EffectType": 2,
			"EndScale": {
				"x": 3.4,
				"y": 3.4,
				"z": 3.4
			},
			"LerpColor": {
				"w": 1.0,
				"x": 1.0,
				"y": 0.95271050930023193,
				"z": 0.59803920984268188
			},
			"Loop": {
				"EffectLoop": false,
				"UVLoop": true
			},
			"Mask": {
				"Speed": 4.0,
				"TexKey": "T_GPP_Electric_Light_A",
				"Using": true,
				"x": 0.0,
				"y": 1.0
			},
			"MeshKey": "helfBallGround",
			"MiddleScale": {
				"x": 3.4,
				"y": 3.4,
				"z": 3.4
			},
			"Noise": {
				"Speed": 0.0,
				"TexKey": "flow_00",
				"Using": true,
				"x": 0.0,
				"y": 0.0
			},
			"Rotation": {
				"x": 75.0,
				"y": 0.0,
				"z": 0.0
			},
			"StartScale": {
				"x": 3.4,
				"y": 3.4,
				"z": 3.4
			}				 
		},
		"TransParticle": {
			"Center": {
				"x": 0.25,
				"y": 0.85000002384185791,
				"z": 0.35000001192092896
			},
			"Color": {
				"x": 1.0,
				"y": 0.91810840368270874,
				"z": 0.30392158031463623
			},
			"DirectMax": {
				"x": 1.0,
				"y": 1.0,
				"z": 1.0
			},
			"DirectMin": {
				"x": -1.0,
				"y": -1.0,
				"z": -1.0
			},
			"Duration": {
				"x": 0.5,
				"y": 2.4000000953674316
			},
			"EffectType": 0,
			"InstanceNum": 100,
			"LifeTime": {
				"x": 1.0,
				"y": 2.0999999046325684
			},
			"Size": {
				"x": 0.03999998211860657,
				"y": 0.07000000298023224
			},
			"Speed": {
				"x": 3.0,
				"y": 11.0
			},
			"StartPointMax": {
				"x": 0.0,
				"y": 0.0,
				"z": 0.0
			},
			"StartPointMin": {
				"x": 0.0,
				"y": 0.0,
				"z": 0.0
			},
			"TextureKey": "T_Glow_00"
		}
	},
	"Preset Info" : 
	{
		"Duration" : 6.0,
		"Loop" : false
	}
}