{
	"Escalator_Base" : 
	{
		"WorldMatrix" : 
		{
			"v0" : 1.6534382104873657,
			"v1" : 0.0,
			"v10" : 1.8371384143829346,
			"v11" : 0.0,
			"v12" : 4.2325010299682617,
			"v13" : -7.8665781021118164,
			"v14" : -18.269006729125977,
			"v15" : 1.0,
			"v2" : 0.0,
			"v3" : 0.0,
			"v4" : 0.0,
			"v5" : 1.8371384143829346,
			"v6" : 0.0,
			"v7" : 0.0,
			"v8" : 0.0,
			"v9" : 0.0
		}
	}
}