{
	"AllRoomAb" : 
	{
		"WorldMatrix" : 
		{
			"v0" : 1.0,
			"v1" : 0.0,
			"v10" : 1.0,
			"v11" : 0.0,
			"v12" : -104.58187866210938,
			"v13" : 0.0,
			"v14" : 0.0,
			"v15" : 1.0,
			"v2" : 0.0,
			"v3" : 0.0,
			"v4" : 0.0,
			"v5" : 1.0,
			"v6" : 0.0,
			"v7" : 0.0,
			"v8" : 0.0,
			"v9" : 0.0
		}
	},
	"AssetsA" : 
	{
		"WorldMatrix" : 
		{
			"v0" : 1.0,
			"v1" : 0.0,
			"v10" : 1.0,
			"v11" : 0.0,
			"v12" : 0.0,
			"v13" : 0.0,
			"v14" : 0.0,
			"v15" : 1.0,
			"v2" : 0.0,
			"v3" : 0.0,
			"v4" : 0.0,
			"v5" : 1.0,
			"v6" : 0.0,
			"v7" : 0.0,
			"v8" : 0.0,
			"v9" : 0.0
		}
	},
	"PlatformA" : 
	{
		"WorldMatrix" : 
		{
			"v0" : 0.028618773445487022,
			"v1" : 0.0,
			"v10" : 0.027796654030680656,
			"v11" : 0.0,
			"v12" : 17.635324478149414,
			"v13" : -1.1919288635253906,
			"v14" : 0.0,
			"v15" : 1.0,
			"v2" : 0.99959027767181396,
			"v3" : 0.0,
			"v4" : 0.0,
			"v5" : 1.247172474861145,
			"v6" : 0.0,
			"v7" : 0.0,
			"v8" : -0.97087526321411133,
			"v9" : 0.0
		}
	},
	"PlatformB" : 
	{
		"WorldMatrix" : 
		{
			"v0" : 1.0,
			"v1" : 0.0,
			"v10" : 1.0,
			"v11" : 0.0,
			"v12" : 0.0,
			"v13" : 0.0,
			"v14" : -34.0928955078125,
			"v15" : 1.0,
			"v2" : 0.0,
			"v3" : 0.0,
			"v4" : 0.0,
			"v5" : 1.0,
			"v6" : 0.0,
			"v7" : 0.0,
			"v8" : 0.0,
			"v9" : 0.0
		}
	}
}