{
	"AllRoomB" : 
	{
		"WorldMatrix" : 
		{
			"v0" : 1.0,
			"v1" : 0.0,
			"v10" : 1.0,
			"v11" : 0.0,
			"v12" : -166.31019592285156,
			"v13" : 0.0,
			"v14" : 0.0,
			"v15" : 1.0,
			"v2" : 0.0,
			"v3" : 0.0,
			"v4" : 0.0,
			"v5" : 1.0,
			"v6" : 0.0,
			"v7" : 0.0,
			"v8" : 0.0,
			"v9" : 0.0
		}
	},
	"AssetsA" : 
	{
		"WorldMatrix" : 
		{
			"v0" : -0.9996793270111084,
			"v1" : 0.0,
			"v10" : -0.9996793270111084,
			"v11" : 0.0,
			"v12" : 0.0,
			"v13" : 0.0,
			"v14" : 19.162338256835938,
			"v15" : 1.0,
			"v2" : 0.025346411392092705,
			"v3" : 0.0,
			"v4" : 0.0,
			"v5" : 1.0,
			"v6" : 0.0,
			"v7" : 0.0,
			"v8" : -0.025346411392092705,
			"v9" : 0.0
		}
	},
	"DecorationsB" : 
	{
		"WorldMatrix" : 
		{
			"v0" : 1.0,
			"v1" : 0.0,
			"v10" : 1.0,
			"v11" : 0.0,
			"v12" : 0.0,
			"v13" : 12.664329528808594,
			"v14" : 0.0,
			"v15" : 1.0,
			"v2" : 0.0,
			"v3" : 0.0,
			"v4" : 0.0,
			"v5" : 1.0,
			"v6" : 0.0,
			"v7" : 0.0,
			"v8" : 0.0,
			"v9" : 0.0
		}
	},
	"PlatformB" : 
	{
		"WorldMatrix" : 
		{
			"v0" : 1.0,
			"v1" : 0.0,
			"v10" : 1.0,
			"v11" : 0.0,
			"v12" : 0.0,
			"v13" : 0.0,
			"v14" : 0.0,
			"v15" : 1.0,
			"v2" : 0.0,
			"v3" : 0.0,
			"v4" : 0.0,
			"v5" : 1.0,
			"v6" : 0.0,
			"v7" : 0.0,
			"v8" : 0.0,
			"v9" : 0.0
		}
	},
	"PlatformE" : 
	{
		"WorldMatrix" : 
		{
			"v0" : 1.2038185596466064,
			"v1" : 0.0,
			"v10" : 1.0,
			"v11" : 0.0,
			"v12" : 18.834968566894531,
			"v13" : 6.5036530494689941,
			"v14" : 71.027374267578125,
			"v15" : 1.0,
			"v2" : 0.0,
			"v3" : 0.0,
			"v4" : 0.0,
			"v5" : 1.0,
			"v6" : 0.0,
			"v7" : 0.0,
			"v8" : 0.0,
			"v9" : 0.0
		}
	}
}